equipment,temperature,vibration,power,runtime,failed
69622e3311f1cc95b0e479d6,43.75273342921949,1.2863316194395908,8.410115586607073,9.837693478460222,0
69622e3311f1cc95b0e479d6,44.07344223344519,1.3625954078200226,12.754201775127584,5.939022616083884,0
69622e3311f1cc95b0e479d6,44.29506913095478,1.3440143460955862,12.975838683260779,5.730955668754496,0
69622e3311f1cc95b0e479d6,44.3241705285754,1.3697633034160215,5.160259246436036,5.997701045385655,0
69622e3311f1cc95b0e479d6,44.54194697958073,1.3798475722403927,10.098255189150613,9.927133175432177,0
69622e3311f1cc95b0e479d6,44.62734681772377,1.4346008699369581,8.686963020890769,9.446019840006736,0
69622e3311f1cc95b0e479d6,44.95349138514675,1.4201343045847443,9.683448839366795,2.1752617497577322,0
69622e3311f1cc95b0e479d6,45.29115736699614,1.4222576649323968,8.678512007974302,3.754825167128457,0
69622e3311f1cc95b0e479d6,45.32692591976167,1.42793337049181,5.0251114583295635,8.90629562079573,0
69622e3311f1cc95b0e479d6,45.67657275183304,1.471706533415566,14.706864045087446,2.902552465988773,0
69622e3311f1cc95b0e479d6,45.86276119709461,1.5481609907238738,12.622892443587215,6.708570758328779,0
69622e3311f1cc95b0e479d6,45.99012747065934,1.582517772731067,13.221464367640527,9.646949061189275,0
69622e3311f1cc95b0e479d6,46.32877144935789,1.655261789008132,9.715637514621442,2.5861422415275213,0
69622e3311f1cc95b0e479d6,46.332635068749745,1.6565034441303752,10.72998830112724,4.825243954108768,0
69622e3311f1cc95b0e479d6,46.55973423393719,1.7122388228771608,6.483863905976886,7.6057308165962025,0
69622e3311f1cc95b0e479d6,46.84952805154938,1.727907123722583,13.488617267354584,2.179375499436289,0
69622e3311f1cc95b0e479d6,47.14648862015904,1.719712419133716,8.505876719840021,6.287649794772012,0
69622e3311f1cc95b0e479d6,47.27266695248796,1.7701844488121652,12.537778650055042,4.427440496617953,0
69622e3311f1cc95b0e479d6,47.39318123912954,1.8112016945035398,12.968169633226745,2.8906680878879474,0
69622e3311f1cc95b0e479d6,47.70776362073568,1.878545807407593,7.704636225842975,1.2571880284641377,0
69622e3311f1cc95b0e479d6,47.73927274625291,1.8590710825303016,7.0416968608563035,9.25273750569822,0
69622e3311f1cc95b0e479d6,48.05410861899257,1.8744331043585263,12.272020824205597,8.80666186831176,0
69622e3311f1cc95b0e479d6,48.363402312869695,1.9358369901352546,6.296224746708412,7.625243272182701,0
69622e3311f1cc95b0e479d6,48.74895846220825,1.9678074571943525,12.968436136948382,9.628866743193933,0
69622e3311f1cc95b0e479d6,48.80445365531261,1.9976016277147464,14.273582536321408,9.141418949632532,0
69622e3311f1cc95b0e479d6,49.0462646356464,2.0148349337989773,14.81005197135696,7.576774490254692,0
69622e3311f1cc95b0e479d6,49.41389834108365,2.0159936335989643,12.22965166124467,2.832643697064702,0
69622e3311f1cc95b0e479d6,49.710134062251235,2.0016020604083904,8.507418172934255,7.016233430352505,0
69622e3311f1cc95b0e479d6,49.720108553344694,2.0430288555977696,8.682800509449383,2.919845775938015,0
69622e3311f1cc95b0e479d6,49.637720496959425,2.0812922011597963,14.799893380909694,8.68805293771685,0
69622e3311f1cc95b0e479d6,49.57189375861116,2.1363625351994058,5.714050247747863,8.88651332447663,0
69622e3311f1cc95b0e479d6,49.8389288763636,2.2071673043586792,13.062599441017426,8.07329194627592,0
69622e3311f1cc95b0e479d6,50.1507266879919,2.2446996569718367,5.207149110847016,6.629389393573664,0
69622e3311f1cc95b0e479d6,50.2842445030867,2.2835880000097357,6.760171410891205,1.2602319279379215,0
69622e3311f1cc95b0e479d6,50.54162069777995,2.2702917299703724,14.33203135248597,1.030532117746826,0
69622e3311f1cc95b0e479d6,50.74111189265592,2.251841147984775,9.056811320979211,5.538235313767666,0
69622e3311f1cc95b0e479d6,50.66944376293927,2.3186381269224334,8.709263272024259,7.885931415473092,0
69622e3311f1cc95b0e479d6,50.71871166396935,2.352678642620056,11.21931117518515,7.588924422092624,0
69622e3311f1cc95b0e479d6,51.07420814219416,2.350868197877717,5.291493836854729,9.430714841661839,0
69622e3311f1cc95b0e479d6,51.19305575055207,2.34508713304527,12.869759337575406,7.75296349318043,0
69622e3311f1cc95b0e479d6,51.28342514239031,2.363313412694758,7.7115562827672735,7.596286486649904,0
69622e3311f1cc95b0e479d6,51.50700614397231,2.356449790610456,11.483000675140893,6.077863777978354,0
69622e3311f1cc95b0e479d6,51.58710231802107,2.401718610170701,11.099254372664792,7.0726752671532065,0
69622e3311f1cc95b0e479d6,51.625199154921816,2.4644820701612367,9.13248656611585,5.799799296604894,0
69622e3311f1cc95b0e479d6,51.93793444996702,2.466871629726154,8.52833233919233,6.81412338907597,0
69622e3311f1cc95b0e479d6,51.88406766473206,2.453626464848816,5.840035766984631,3.971672275426191,0
69622e3311f1cc95b0e479d6,52.08105340108978,2.4592774375885393,12.253514975688137,4.829841045773174,0
69622e3311f1cc95b0e479d6,52.23768031872084,2.4664178757607997,13.268016677893588,8.44932406347026,0
69622e3311f1cc95b0e479d6,52.26643643990132,2.5008617846816175,12.62642268878933,6.697180299489724,0
69622e3311f1cc95b0e479d6,52.50181733927756,2.5489554261526974,8.490944340457014,6.009686740560959,0
69622e3311f1cc95b0e479d6,52.852026312795935,2.6083672980567485,9.475529637863167,2.504796048492291,0
69622e3311f1cc95b0e479d6,53.23295203260676,2.6369282467570327,8.035073018870714,2.485504027800551,0
69622e3311f1cc95b0e479d6,53.45483897515207,2.6308021776399113,10.968454030820089,9.052024044342211,0
69622e3311f1cc95b0e479d6,53.588945697002636,2.7007681941132655,9.897490650993166,4.345823752218287,0
69622e3311f1cc95b0e479d6,53.565774475983865,2.734099795033545,8.146508929164458,6.32050094487122,0
69622e3311f1cc95b0e479d6,53.66326550404592,2.758412361702925,14.397908323354587,6.827343853839384,0
69622e3311f1cc95b0e479d6,53.83494942755065,2.74030495418202,14.410355683166994,7.910472477859032,0
69622e3311f1cc95b0e479d6,54.05346142568889,2.7385882770681858,7.071767714003709,2.711380425252252,0
69622e3311f1cc95b0e479d6,54.28455054514574,2.720745793690877,11.510956337134704,8.624785822870162,0
69622e3311f1cc95b0e479d6,54.1857640060308,2.707813876865466,11.419895546829029,9.593429962001458,0
69622e3311f1cc95b0e479d6,54.3205492741176,2.6919213822674357,11.009904050381166,1.4126939028579626,0
69622e3311f1cc95b0e479d6,54.318561699189665,2.715560974634725,12.240285746534806,8.34661450552923,0
69622e3311f1cc95b0e479d6,54.25362988154237,2.7554767120899775,12.26616644573115,5.037078961431583,0
69622e3311f1cc95b0e479d6,54.312812841094264,2.767351680214886,7.988409160628793,9.51080470133583,0
69622e3311f1cc95b0e479d6,54.37673705400431,2.8058132295489653,7.694723022737242,4.254012583164119,0
69622e3311f1cc95b0e479d6,54.461836910633735,2.8313210595017284,7.411272637545738,7.3922287096134545,0
69622e3311f1cc95b0e479d6,54.594716191521286,2.838169942232967,6.040872527031769,5.46062638284204,0
69622e3311f1cc95b0e479d6,54.81862128734578,2.8242030150526074,5.614773803892503,9.841124159007357,0
69622e3311f1cc95b0e479d6,55.06632845618628,2.897830165727141,11.130640214982794,1.0635141167309046,0
69622e3311f1cc95b0e479d6,54.98971276434404,2.9365965618973813,12.471213502780408,6.463448079778757,0
69622e3311f1cc95b0e479d6,55.27716494257581,2.938959180242161,5.4238342751055235,9.505274870624204,0
69622e3311f1cc95b0e479d6,55.37681937949094,3.0116983507869297,6.475094177657823,2.7626522550598196,0
69622e3311f1cc95b0e479d6,55.50497590960093,3.0664262910549627,5.61638685108316,7.045286174598518,0
69622e3311f1cc95b0e479d6,55.67053135930902,3.1436267423267146,14.037769550895508,6.64198026039866,0
69622e3311f1cc95b0e479d6,55.99625029982859,3.158713053743823,12.030751946604362,7.900902346485731,0
69622e3311f1cc95b0e479d6,56.39230998817321,3.16856337527974,7.385914980062596,4.936609634551653,0
69622e3311f1cc95b0e479d6,56.64466570085785,3.2056060131941244,12.088056295558218,4.692727298621836,0
69622e3311f1cc95b0e479d6,56.970796116337134,3.2252742494320783,10.652370672069239,1.7861607067706784,0
69622e3311f1cc95b0e479d6,57.19347886298786,3.284185356903854,10.34115064682672,2.7447216565986254,0
69622e3311f1cc95b0e479d6,57.405610421396396,3.293393858347873,9.48436338347986,5.281211413529563,0
69622e3311f1cc95b0e479d6,57.350713024225755,3.293227498920105,13.158372589591318,9.702356428938474,0
69622e3311f1cc95b0e479d6,57.41160518045722,3.3447587598166657,10.875770389499076,9.184515963993206,0
69622e3311f1cc95b0e479d6,57.54403963428483,3.361958754783343,6.496540375327093,7.050674975343572,0
69622e3311f1cc95b0e479d6,57.4596753934664,3.426564776265586,11.188831697095843,6.421890111067899,0
69622e3311f1cc95b0e479d6,57.61930622273098,3.4767636063610445,13.449157397693199,1.1802792426344557,0
69622e3311f1cc95b0e479d6,57.689991188532034,3.470867763599011,5.066054401969826,8.137185381696035,0
69622e3311f1cc95b0e479d6,57.62944921715512,3.505404515474634,12.727876130880155,8.782642504111347,0
69622e3311f1cc95b0e479d6,57.70003522570189,3.5557435781960565,12.153498327375,7.293119692120243,0
69622e3311f1cc95b0e479d6,57.60892376851157,3.583132236815679,7.296719882112788,8.863731085287391,0
69622e3311f1cc95b0e479d6,57.62438028221858,3.628469838303673,11.891880241170538,6.459267966225783,0
69622e3311f1cc95b0e479d6,57.88900398191274,3.617655643772768,7.138052711094424,8.343015969237111,0
69622e3311f1cc95b0e479d6,58.01152109034872,3.6928432997308995,12.88878476102326,1.3707383533645408,0
69622e3311f1cc95b0e479d6,58.36502685489844,3.7614539965434792,11.130442126131058,7.295411493123009,0
69622e3311f1cc95b0e479d6,58.54752096757552,3.769341321757687,9.445322333114847,4.322916229048977,0
69622e3311f1cc95b0e479d6,58.70780322562369,3.8412835747491396,10.802507375329494,2.1360382268450016,0
69622e3311f1cc95b0e479d6,58.95670537011499,3.8932488061364396,12.629029498601902,3.141779603685853,0
69622e3311f1cc95b0e479d6,59.083326017154036,3.9372418657586996,5.7704135981738975,5.956838384835397,0
69622e3311f1cc95b0e479d6,59.150645064168664,3.96783820244494,5.637356957824309,7.2304047534099425,0
69622e3311f1cc95b0e479d6,59.25836890784641,4.0220394930611025,7.088024480511974,3.56166169200697,0
69622e3311f1cc95b0e479d6,59.485130502561695,4.086343423102225,14.682108793653349,1.9673829189672225,0
69622e3311f1cc95b0e479d6,59.70610397524436,4.124611471482241,8.28205036685237,4.842785484824214,0
69622e3311f1cc95b0e479d6,59.685418986125136,4.154176241123556,5.1799134299291305,1.8138330990298406,0
69622e3311f1cc95b0e479d6,59.76125067882192,4.1352406407346605,11.411770566393049,7.593810799381387,0
69622e3311f1cc95b0e479d6,59.908314159566594,4.200290271263753,11.322749881541023,5.3052094069676015,0
69622e3311f1cc95b0e479d6,60.1758591923311,4.209906335727455,13.142969792430424,6.551903393483389,0
69622e3311f1cc95b0e479d6,60.40261918143101,4.252464946208821,14.881322363458233,5.514901132622799,0
69622e3311f1cc95b0e479d6,60.69126928453177,4.275908353776539,5.922929935238743,4.737660486722968,0
69622e3311f1cc95b0e479d6,60.68049900619498,4.320992142176295,10.979234064635431,9.209271732028263,0
69622e3311f1cc95b0e479d6,60.65116510067833,4.360840383153531,14.376671673141331,9.076533191259712,0
69622e3311f1cc95b0e479d6,60.78254093739431,4.382623930239623,8.729809839169882,6.22293861676411,0
69622e3311f1cc95b0e479d6,60.97853255846886,4.38776798587707,9.139773539070484,4.563939417177642,0
69622e3311f1cc95b0e479d6,61.19247226529676,4.38590203148097,13.275337652483422,1.865650660581539,0
69622e3311f1cc95b0e479d6,61.56681992971472,4.4230837530400215,11.51771518586212,9.471450078676316,0
69622e3311f1cc95b0e479d6,61.76432344916786,4.428258813783634,9.718137536701656,2.848726562020186,0
69622e3311f1cc95b0e479d6,61.74397149047365,4.44741212110673,7.856025723181426,5.386917338417686,0
69622e3311f1cc95b0e479d6,61.674571455837494,4.502425051748337,8.64406296480253,2.59369423275426,0
69622e3311f1cc95b0e479d6,61.89638252576927,4.482814729473887,8.141629641607102,4.996656795572888,0
69622e3311f1cc95b0e479d6,62.26278242243532,4.509199504081423,12.770244323729742,2.715322556721261,0
69622e3311f1cc95b0e479d6,62.41075446586268,4.498649884122424,9.033941037554516,7.020309145859014,0
69622e3311f1cc95b0e479d6,62.55898788556228,4.569258709835257,11.254936721179776,3.8381205587285177,0
69622e3311f1cc95b0e479d6,62.626706215325314,4.557407249726942,14.105921574512672,7.704860850798386,0
69622e3311f1cc95b0e479d6,62.995484208939565,4.581261918413988,14.802955960400793,3.5044856341417296,0
69622e3311f1cc95b0e479d6,63.096813073927734,4.593473334739204,5.586756739790353,3.694163158700791,0
69622e3311f1cc95b0e479d6,63.22580900586805,4.621000579436436,13.334055961160447,3.422095794559822,0
69622e3311f1cc95b0e479d6,63.21730605446521,4.631538079113126,13.122001509651966,6.758359574877513,0
69622e3311f1cc95b0e479d6,63.40928322004626,4.678368197003185,5.532169583974684,8.537816759182581,0
69622e3311f1cc95b0e479d6,63.601397555718314,4.7252761501336815,7.047563841083225,2.224085888627571,0
69622e3311f1cc95b0e479d6,63.69854539779016,4.766969955970916,8.473006049023661,7.865192320342551,0
69622e3311f1cc95b0e479d6,63.99987153790677,4.827827718700681,12.724159686938727,2.1140448733092483,0
69622e3311f1cc95b0e479d6,64.28036721115333,4.845232929556674,11.340867575535881,5.239908895121538,0
69622e3311f1cc95b0e479d6,64.44279962912067,4.833806198432564,10.427922128496798,2.606083903444074,0
69622e3311f1cc95b0e479d6,64.58979870503133,4.902734608119074,8.104773548648838,9.096757843882212,0
69622e3311f1cc95b0e479d6,64.70494505455812,4.889708513687102,11.06489884083363,7.184396304653565,0
69622e3311f1cc95b0e479d6,64.95105018439371,4.96588969070405,14.159143778752268,3.3759655200412437,0
69622e3311f1cc95b0e479d6,65.02519105141846,4.995806570790765,14.516265194336306,8.127652107842563,0
69622e3311f1cc95b0e479d6,65.38546198208992,4.980274370044329,9.44964476486154,1.3451149526666395,0
69622e3311f1cc95b0e479d6,65.38918904272538,4.963198934325386,13.952007104177572,1.6777319282137342,0
69622e3311f1cc95b0e479d6,65.47096912291902,4.978770534322527,12.723328786485972,5.827568631466305,0
69622e3311f1cc95b0e479d6,65.62476574812413,4.963170144069383,12.073902188080206,2.485032465167271,0
69622e3311f1cc95b0e479d6,65.70086902828314,4.948165066800012,9.85946675072045,6.59449999595541,0
69622e3311f1cc95b0e479d6,66.09440813065113,4.9885742785961575,11.701028112420849,3.091962143852859,0
69622e3311f1cc95b0e479d6,66.22098469083845,5.012467320796643,10.375551645435948,9.406513071538866,0
69622e3311f1cc95b0e479d6,66.37528545762387,5.070707103202751,9.209197916676414,6.01862246897864,0
69622e3311f1cc95b0e479d6,66.62335935220253,5.066228359537105,9.568413353871989,5.887997460781131,0
69622e3311f1cc95b0e479d6,66.9701533319863,5.107669780417508,5.440080700431182,7.7669873284843325,0
69622e3311f1cc95b0e479d6,67.11565149527551,5.158210864666743,5.5293497660273,3.29366847561269,0
69622e3311f1cc95b0e479d6,67.31437971270645,5.185159638918678,11.14716945967021,8.507338013523192,0
69622e3311f1cc95b0e479d6,67.3437245958317,5.243447530955209,10.073083692933382,1.3277211525022303,0
69622e3311f1cc95b0e479d6,67.39609378364136,5.2708464825129155,9.455434406901075,3.3099165718529826,0
69622e3311f1cc95b0e479d6,67.69201972110713,5.278194581277132,12.725776775986667,1.911018302468244,0
69622e3311f1cc95b0e479d6,67.59762034464623,5.2981266950258865,7.434857313980643,7.782247228879067,0
69622e3311f1cc95b0e479d6,67.75954130169126,5.336154723302145,5.6067515775770005,5.361505642241186,0
69622e3311f1cc95b0e479d6,67.99436442415235,5.363466359292068,10.212637591215197,7.880299835791678,0
69622e3311f1cc95b0e479d6,68.15043109057207,5.40142772584148,9.231561995863535,2.7559079042426546,0
69622e3311f1cc95b0e479d6,68.27571132678305,5.429847680903141,12.05064503877005,5.612846219301732,0
69622e3311f1cc95b0e479d6,68.47122553039755,5.4578526589886245,5.771272173583714,8.4830002382535,0
69622e3311f1cc95b0e479d6,68.82547325465181,5.487890635916761,6.4975682593201505,1.890569295696943,0
69622e3311f1cc95b0e479d6,68.969229624295,5.4895246343602375,13.954412558017184,6.983301786559472,0
69622e3311f1cc95b0e479d6,69.1088596207065,5.540084438694504,14.840984595928,4.979502582192319,0
69622e3311f1cc95b0e479d6,69.04047944836888,5.551161400629967,12.89430449554535,1.7394598822883398,0
69622e3311f1cc95b0e479d6,68.9427231381459,5.596373718319807,5.275693688763877,8.134757967440196,0
69622e3311f1cc95b0e479d6,69.13557818298555,5.639530191895082,11.964697270103404,2.491366389206676,0
69622e3311f1cc95b0e479d6,69.44184107438348,5.630965532574001,11.875995980828051,6.448255534043584,0
69622e3311f1cc95b0e479d6,69.80791314301918,5.680634716942534,11.112194957719751,1.752808342524457,0
69622e3311f1cc95b0e479d6,70.05219161114765,5.694888671206458,8.534819770290412,4.430398799155272,0
69622e3311f1cc95b0e479d6,70.0628662315835,5.682515601586131,14.185635745722358,2.4499901973495897,0
69622e3311f1cc95b0e479d6,70.3555068844317,5.712301497197811,13.53671363063674,9.014128620946284,0
69622e3311f1cc95b0e479d6,70.29087688678982,5.735362236528421,13.02390777173116,9.153963973069065,0
69622e3311f1cc95b0e479d6,70.34049345004298,5.807753301661277,9.075022676509255,7.421944591385563,0
69622e3311f1cc95b0e479d6,70.52321337840131,5.867722074994035,9.48516032966176,3.8064993022333002,0
69622e3311f1cc95b0e479d6,70.78480439065464,5.8479883642555155,14.873565758167377,6.773676288810937,0
69622e3311f1cc95b0e479d6,70.76080135537433,5.829828723526,8.011701625189716,8.147451353224074,0
69622e3311f1cc95b0e479d6,71.09229263225977,5.816179491505219,7.317546568706703,3.8507144795750254,0
69622e3311f1cc95b0e479d6,71.08017314093983,5.812820945505664,14.189779670680931,1.5923785385996752,0
69622e3311f1cc95b0e479d6,71.18751764727115,5.8209376275396405,10.929567488484992,8.179025886628759,0
69622e3311f1cc95b0e479d6,71.52806827123021,5.8859764716380445,7.738900771971917,6.873009084600154,0
69622e3311f1cc95b0e479d6,71.67760214028239,5.94664853411934,12.405364573138343,2.049003826809109,0
69622e3311f1cc95b0e479d6,71.72785119974763,6.021388729864005,9.62164137610003,4.087486317090374,0
69622e3311f1cc95b0e479d6,71.99216179845155,6.066291897287123,9.998898968785646,8.706045520693745,0
69622e3311f1cc95b0e479d6,72.12608671331255,6.054606408175303,7.672695102629195,6.352411159306949,0
69622e3311f1cc95b0e479d6,72.34591590895226,6.115841625666405,12.774793707035059,8.000806725941889,0
69622e3311f1cc95b0e479d6,72.38407490241896,6.096917662515214,8.850066843189806,1.7175225118825803,0
69622e3311f1cc95b0e479d6,72.61187987418285,6.109062755987586,14.9557710218284,7.792892200440585,0
69622e3311f1cc95b0e479d6,72.90763242085727,6.1355195875629445,5.576710340359929,6.431204909879714,0
69622e3311f1cc95b0e479d6,73.21668099439489,6.164405436225692,7.773802183968501,5.956625393445735,0
69622e3311f1cc95b0e479d6,73.27733044902317,6.175800544426586,10.381299908574286,4.050863151517232,0
69622e3311f1cc95b0e479d6,73.3821059444464,6.233370338734344,7.690501113763045,9.574667572118466,0
69622e3311f1cc95b0e479d6,73.39684509745116,6.257005488356969,8.432283414701287,7.979835267135634,0
69622e3311f1cc95b0e479d6,73.69201205218194,6.291200684091683,9.30225155689326,8.177979878276586,0
69622e3311f1cc95b0e479d6,73.60593704696274,6.30206185337995,9.74723123783975,5.013048459607436,0
69622e3311f1cc95b0e479d6,73.55874909069614,6.31428791796354,8.82358808346699,8.748306326445356,0
69622e3311f1cc95b0e479d6,73.69185866983798,6.32266164302031,6.999141037607566,9.322246112348925,0
69622e3311f1cc95b0e479d6,73.96783410728085,6.402200932740831,5.245905187444215,1.5669716813227164,0
69622e3311f1cc95b0e479d6,74.30759502863216,6.398192499535342,8.805919479172097,1.7654803093094869,0
69622e3311f1cc95b0e479d6,74.64845372546735,6.400446987990812,5.526389871835966,3.2494475088648462,0
69622e3311f1cc95b0e479d6,74.5674807339675,6.417079888466648,6.978060486018496,5.133505218991232,0
69622e3311f1cc95b0e479d6,74.94907515904383,6.490079387621889,11.45557134304189,7.931088329290155,0
69622e3311f1cc95b0e479d6,75.03631494000068,6.51681232504313,11.495596832657967,6.096080456910424,0
69622e3311f1cc95b0e479d6,75.28396645312169,6.5709347850802855,8.258930888591232,8.68243263170065,0
69622e3311f1cc95b0e479d6,75.32146398613092,6.562937700333689,8.655693555664426,6.873515131972065,0
69622e3311f1cc95b0e479d6,75.36668979063298,6.638264065550546,14.360291146692452,3.8831861718609377,0
69622e3311f1cc95b0e479d6,75.56993874158084,6.6657026952760585,9.71012425911163,2.640315850133944,0
69622e3311f1cc95b0e479d6,75.9685539863249,6.690640158516169,7.781212085155696,2.612930406192093,0
69622e3311f1cc95b0e479d6,76.04774141486371,6.734857103940305,14.577951482081918,3.3857241454067477,0
69622e3311f1cc95b0e479d6,76.17073119866582,6.764823395190852,10.9861213946167,3.259372336402629,0
69622e3311f1cc95b0e479d6,76.45371149259394,6.815265871315274,12.107122865015032,7.523000058557822,0
69622e3311f1cc95b0e479d6,76.47056062998547,6.817967679765569,8.941590064967444,5.475104950003778,0
69622e3311f1cc95b0e479d6,76.54705873665526,6.810280654667445,11.209312505923245,1.1606820472339638,0
69622e3311f1cc95b0e479d6,76.47759828416136,6.8714434503229525,7.076513717419976,8.411599208710665,0
69622e3311f1cc95b0e479d6,76.5749193123754,6.8746270053187075,7.376801234320707,9.624910180229389,0
69622e3311f1cc95b0e479d6,76.73753793231823,6.858030746234779,5.919326065559021,6.0049908293866086,0
69622e3311f1cc95b0e479d6,77.02169710180281,6.886604946074427,9.163789537242842,8.89461012569771,0
69622e3311f1cc95b0e479d6,77.0260832376034,6.962314760250953,7.692162416010446,1.7736066465171367,0
69622e3311f1cc95b0e479d6,77.3587974948535,7.041774518142568,14.127989759370742,7.8950236344668365,0
69622e3311f1cc95b0e479d6,77.7497525400268,7.08635330883391,5.346873211333694,8.559144653586666,0
69622e3311f1cc95b0e479d6,77.94169133913658,7.151927263407941,13.870803925659343,5.583808011155257,0
69622e3311f1cc95b0e479d6,78.11100604001092,7.204682608446759,10.746926817746074,6.789446829599081,0
69622e3311f1cc95b0e479d6,78.06727664950238,7.21302387723829,6.054184803481711,7.008331625391415,0
69622e3311f1cc95b0e479d6,78.20434362098558,7.198629215652898,7.061341125451803,2.805826228012603,0
69622e3311f1cc95b0e479d6,78.41396850738747,7.204007191670777,8.004369226283847,5.586585522479735,0
69622e3311f1cc95b0e479d6,78.69243309054346,7.275760885030118,11.028432480349402,4.493471109957892,0
69622e3311f1cc95b0e479d6,78.80744281505467,7.3001983588813095,8.903238159746738,7.125075055673975,0
69622e3311f1cc95b0e479d6,79.15190363505852,7.367992217855185,6.074739810203527,7.1201393604549095,0
69622e3311f1cc95b0e479d6,79.50531371685267,7.429296643019383,6.344459179925277,7.855087007579828,0
69622e3311f1cc95b0e479d6,79.86178921527066,7.505239818221671,5.194018002911469,8.39952602780958,0
69622e3311f1cc95b0e479d6,80.23265846763758,7.579079080057874,11.413292461104307,6.696140724536449,0
69622e3311f1cc95b0e479d6,80.36455721888139,7.604410303399161,7.730989788523914,1.5928155384094158,0
69622e3311f1cc95b0e479d6,80.6233295494534,7.6103266162765895,14.898562471185029,9.37955389757769,0
69622e3311f1cc95b0e479d6,80.82060560187571,7.68173034647004,10.73212967932514,4.633928774399928,0
69622e3311f1cc95b0e479d6,81.20298217806695,7.745722866753699,14.251726628995971,1.6604962878532565,0
69622e3311f1cc95b0e479d6,81.52718212595173,7.748058908068295,9.294341271480327,7.428513520829748,0
69622e3311f1cc95b0e479d6,81.69220502137169,7.826873512388578,5.515014484576022,1.6198004355029034,0
69622e3311f1cc95b0e479d6,81.95816089006446,7.870264018108519,14.17495364312331,1.107855160443018,0
69622e3311f1cc95b0e479d6,82.2245414219654,7.94686191983104,14.404046220627226,4.572683508401226,0
69622e3311f1cc95b0e479d6,82.17903508752163,7.931123289092262,10.976579822858616,6.103612911363704,0
69622e3311f1cc95b0e479d6,82.57137751040295,7.973292186907474,11.3934144405468,5.678879442824905,0
69622e3311f1cc95b0e479d6,82.72221107030343,7.977319932709951,13.913447082757616,1.943441018106123,0
69622e3311f1cc95b0e479d6,82.6995643670488,7.984706176865827,14.64591692868078,5.192545654900664,0
69622e3311f1cc95b0e479d6,82.82245093695339,8.034370705427827,9.47904431670091,4.615782599614982,0
69622e3311f1cc95b0e479d6,82.72735800766324,8.074869384114749,10.22918118977016,1.1749852867886061,0
69622e3311f1cc95b0e479d6,83.04396638198284,8.087079864932052,9.131971518505607,8.36727168976465,0
69622e3311f1cc95b0e479d6,83.35448655827533,8.140296240706114,12.29162672496315,2.782195068482812,0
69622e3311f1cc95b0e479d6,83.31108070314691,8.206252455069285,8.676223302785832,8.7986700972086,0
69622e3311f1cc95b0e479d6,83.459290418279,8.282942718451663,12.083963443483608,5.247515325676942,0
69622e3311f1cc95b0e479d6,83.46244648517774,8.36126418156484,12.561905453748675,1.6228885092440053,0
69622e3311f1cc95b0e479d6,83.7172357154091,8.370099619231304,5.226657361389286,2.2499871161613694,0
69622e3311f1cc95b0e479d6,83.95509903908066,8.41742465669222,12.377329750349311,7.301749915597836,0
69622e3311f1cc95b0e479d6,83.96506945473917,8.439958718451306,12.861067790426317,8.000155028314499,0
69622e3311f1cc95b0e479d6,83.9456592972938,8.480018783549164,9.598126137679749,9.544932258891816,0
69622e3311f1cc95b0e479d6,84.00566558565393,8.503469861208144,13.20347538600043,8.509017310077116,0
69622e3311f1cc95b0e479d6,84.35351496828356,8.553526641875054,12.325245056171653,6.350706602361855,0
69622e3311f1cc95b0e479d6,84.2610234476478,8.546690397374462,5.304049428711295,7.56892794451309,0
69622e3311f1cc95b0e479d6,84.30924656592923,8.52908748130726,10.889011449235834,4.3072450489326695,0
69622e3311f1cc95b0e479d6,84.55479660478618,8.578006654678077,8.520422403712544,9.418055078540952,0
69622e3311f1cc95b0e479d6,84.71099626457564,8.593994827350315,11.839857623352831,4.8772979420545814,0
69622e3311f1cc95b0e479d6,84.627136563936,8.64033776001023,9.30000163384015,3.1900247064635234,0
69622e3311f1cc95b0e479d6,84.72217546580661,8.69613158904522,6.411299137204917,7.857878602574656,0
69622e3311f1cc95b0e479d6,84.99020833926922,8.698725110818861,12.950846320941716,7.173302924220742,0
69622e3311f1cc95b0e479d6,84.97499076485184,8.680950339732613,12.589963584165096,2.303724047846214,0
69622e3311f1cc95b0e479d6,85.08137251569364,8.679308442065983,5.9934608555960995,6.769919298598519,0
69622e3311f1cc95b0e479d6,85.05588900150711,8.675982491410936,9.37410400923238,8.427618894118432,0
69622e3311f1cc95b0e479d6,84.97408619194611,8.727105058231833,11.936701605296161,1.1118749575269065,0
69622e3311f1cc95b0e479d6,84.96882785989192,8.716351997368752,5.478435955347003,5.27731590904603,0
69622e3311f1cc95b0e479d6,85.10344561760319,8.760977952774807,9.76046307882649,6.342020820241346,0
69622e3311f1cc95b0e479d6,85.46313209452386,8.771299998358325,7.956396254822316,6.58031718287015,0
69622e3311f1cc95b0e479d6,85.54465959062163,8.841235569108145,5.214137731636783,2.9505708767711205,0
69622e3311f1cc95b0e479d6,85.47127013690616,8.846244814788404,5.287292351768018,1.4254791315139705,0
69622e3311f1cc95b0e479d6,85.67962515489937,8.900390203950959,5.481257645855138,6.506436895212127,0
69622e3311f1cc95b0e479d6,85.99981250122525,8.968273409799957,9.86873423437485,6.181198541534796,0
69622e3311f1cc95b0e479d6,86.00990609945539,8.950535364593287,5.454650177704503,6.573136341025197,0
69622e3311f1cc95b0e479d6,85.95176661828768,8.99983581165106,14.296793090054853,1.9867441974271594,0
69622e3311f1cc95b0e479d6,86.2115434092767,9.06319925108778,11.924885344258392,3.7547339788164917,0
69622e3311f1cc95b0e479d6,86.1391777250387,9.113785468683101,11.472966815928675,8.745245244159342,1
69622e3311f1cc95b0e479d6,86.12149855367142,9.164496118561845,8.66388411688525,1.7004438434911857,1
69622e3311f1cc95b0e479d6,86.36973941328884,9.188046197301627,13.812355085548376,2.7083930607732096,1
69622e3311f1cc95b0e479d6,86.4228966564241,9.244691533731094,9.732292832216064,8.5532705532966,1
69622e3311f1cc95b0e479d6,86.5095960047086,9.25035956473696,7.325414968839916,6.373726246026159,1
69622e3311f1cc95b0e479d6,86.82568058225542,9.268592060271677,13.437626869009254,2.33615596541801,0
69622e3311f1cc95b0e479d6,40.97551417641704,0.978275950335287,8.587439635089645,4.695313090501449,0
69622e3311f1cc95b0e479d6,41.01598262228706,1.0264212910404906,12.465410635448224,9.693175565226502,0
69622e3311f1cc95b0e479d6,40.968326665695514,1.073229351157344,5.638522662107279,5.510905036515272,0
69622e3311f1cc95b0e479d6,41.17014688673203,1.068722985380918,11.991411521365968,6.07664277352771,0
69622e3311f1cc95b0e479d6,41.39165341817595,1.1042753813170034,9.631755781463887,5.0714533211553245,0
69622e3311f1cc95b0e479d6,41.41140190439863,1.1199460204174996,14.395163760539617,6.8917650498392575,0
69622e3311f1cc95b0e479d6,41.588119618141135,1.190929098432512,12.214646180919932,5.959169361734222,0
69622e3311f1cc95b0e479d6,41.8558133725164,1.2404574099562218,6.979028280285078,1.6640308049298065,0
69622e3311f1cc95b0e479d6,42.02469217002304,1.3147226732089667,7.2681597011152554,2.8653443980745266,0
69622e3311f1cc95b0e479d6,42.40420271450032,1.3232256683795927,11.042121834328071,7.415540757295967,0
69622e3311f1cc95b0e479d6,42.77656146957666,1.3531049835064206,10.77166571122908,2.852743222775394,0
69622e3311f1cc95b0e479d6,43.05229165049818,1.3948413576174459,8.358148390614204,5.203031972047418,0
69622e5211f1cc95b0e479d8,54.22418686416421,1.0630933560470446,8.30846761697574,3.417371039953551,0
69622e5211f1cc95b0e479d8,54.20457679441268,1.1323960334039633,6.537221572062486,4.128814632524544,0
69622e5211f1cc95b0e479d8,54.33911821237163,1.1480807320234028,13.04483644077099,7.258264337687137,0
69622e5211f1cc95b0e479d8,54.60543356335265,1.180001951280961,7.208334244463474,3.73511713704152,0
69622e5211f1cc95b0e479d8,54.87171392880888,1.2134419796422502,10.4442962636092,1.3799864446496453,0
69622e5211f1cc95b0e479d8,54.80560015674802,1.2002337386896689,12.95415138641763,6.321318474882762,0
69622e5211f1cc95b0e479d8,55.17451112954842,1.2523588025223127,10.27754522707646,6.774643240377757,0
69622e5211f1cc95b0e479d8,55.306974211001425,1.234368442708479,7.718072196976101,6.680046309788782,0
69622e5211f1cc95b0e479d8,55.49515643783425,1.2878544198186537,14.82753256348557,2.7260341845268856,0
69622e5211f1cc95b0e479d8,55.74964793986868,1.2820045103514264,5.902534156850699,9.130158360783483,0
69622e5211f1cc95b0e479d8,56.01283157461322,1.3325983313310703,5.6840921788565835,9.01264804478326,0
69622e5211f1cc95b0e479d8,55.94162282267384,1.3929241390067988,10.885291498676867,7.261977338125869,0
69622e5211f1cc95b0e479d8,55.97580833802202,1.4382224974284026,11.636225331917775,9.629217845251423,0
69622e5211f1cc95b0e479d8,55.90254557005205,1.4620067168658055,7.947247283696517,1.205880189635633,0
69622e5211f1cc95b0e479d8,55.9402305134018,1.5282110861874636,5.056187639133274,3.144491423927648,0
69622e5211f1cc95b0e479d8,56.30898705816869,1.5466077031523147,12.762048640258094,9.703209630654525,0
69622e5211f1cc95b0e479d8,56.60950708396065,1.5313807264414403,7.42261717454026,7.006338873415964,0
69622e5211f1cc95b0e479d8,56.975976996293284,1.5746647766512083,12.477085533264798,2.962687313837548,0
69622e5211f1cc95b0e479d8,57.24194261315856,1.6416054385674352,8.488894983280943,1.3520877341862678,0
69622e5211f1cc95b0e479d8,57.20188374428875,1.6883412395933564,8.756781612960957,3.495645871505686,0
69622e5211f1cc95b0e479d8,57.23742478932793,1.735222844490309,7.700941168999531,9.532240033954707,0
69622e5211f1cc95b0e479d8,57.511011446046105,1.760405707291766,10.34318478844771,3.0123420755100616,0
69622e5211f1cc95b0e479d8,57.766737928354466,1.7951465535998306,7.92236738291008,1.8508233822824685,0
69622e5211f1cc95b0e479d8,58.101442801237745,1.867267834956581,8.964205161882111,6.837715438457955,0
69622e5211f1cc95b0e479d8,58.24254911582694,1.8904227982030808,10.401916053410055,9.631105139510966,0
69622e5211f1cc95b0e479d8,58.55686700215152,1.936097896349477,8.145536391657814,9.131992235409575,0
69622e5211f1cc95b0e479d8,58.6205667417877,1.957982615168622,7.123572894869454,6.799822065301158,0
69622e5211f1cc95b0e479d8,58.637222130894834,1.970956009486452,8.56630111402604,4.984201007517743,0
69622e5211f1cc95b0e479d8,58.905665476251656,1.9709858880427888,14.622288317018207,8.565656618762265,0
69622e5211f1cc95b0e479d8,59.26287767371541,2.018747435178121,6.423753961518621,9.033949238271754,0
69622e5211f1cc95b0e479d8,59.58313894311774,2.0142483392404134,8.268402382553079,1.190371869558606,0
69622e5211f1cc95b0e479d8,59.58644233882962,2.089291363789468,9.308923081950836,1.0416296113524548,0
69622e5211f1cc95b0e479d8,59.77508200270237,2.074674290510867,12.503534964357302,7.625288436658864,0
69622e5211f1cc95b0e479d8,59.85524366518474,2.0789708945376706,9.579533446549025,3.7279814758035172,0
69622e5211f1cc95b0e479d8,60.15522259821022,2.1166066557237215,10.03288492359459,6.477466202004159,0
69622e5211f1cc95b0e479d8,60.206558036547044,2.1122163366438866,9.911608804007852,8.610966036020141,0
69622e5211f1cc95b0e479d8,60.598893853816875,2.1252196005679305,14.04119528412145,9.201222440578043,0
69622e5211f1cc95b0e479d8,60.87988458561067,2.1165547734131365,5.331578061027451,7.845638821748702,0
69622e5211f1cc95b0e479d8,60.882918902643794,2.171317335754742,8.298739045100458,5.4485676598846196,0
69622e5211f1cc95b0e479d8,61.22110184023851,2.193484974981114,13.223067937243442,4.816988172455952,0
69622e5211f1cc95b0e479d8,61.12232050156895,2.19523900566602,6.115679944061867,2.6983641343837483,0
69622e5211f1cc95b0e479d8,61.492434128353935,2.222800099515891,11.464098896981497,1.8437508244849803,0
69622e5211f1cc95b0e479d8,61.50376258222293,2.2235551053362292,6.780291952625211,6.109157067246843,0
69622e5211f1cc95b0e479d8,61.63949369323384,2.2500230010997333,7.053835665875566,6.67272388798167,0
69622e5211f1cc95b0e479d8,61.909543894594556,2.305367621595881,10.197597707595412,2.2060846857148477,0
69622e5211f1cc95b0e479d8,62.01399753053991,2.3806674821093186,13.064889112425945,4.759861954987695,0
69622e5211f1cc95b0e479d8,62.18676133021541,2.376914430163301,5.7509299415904795,4.943009569654086,0
69622e5211f1cc95b0e479d8,62.3566692762446,2.3920934208297386,12.712751726168868,2.69657411110256,0
69622e5211f1cc95b0e479d8,62.58758433156741,2.3735306867449677,7.664945520963247,5.035316098348887,0
69622e5211f1cc95b0e479d8,62.65679776818732,2.412411644093285,7.129758552671914,3.7838378435924316,0
69622e5211f1cc95b0e479d8,62.916368554940135,2.4438191297662835,11.785703404840833,6.178263861963028,0
69622e5211f1cc95b0e479d8,62.97502112498674,2.426012256217816,9.72726604732254,6.0803151488560525,0
69622e5211f1cc95b0e479d8,63.36505886877783,2.436385569107014,13.384500003953487,3.144218670366927,0
69622e5211f1cc95b0e479d8,63.470166945892665,2.4891387712658637,11.282592359522534,5.143230188958672,0
69622e5211f1cc95b0e479d8,63.47390244499414,2.4717001291758223,9.42659885972688,6.5114212352135565,0
69622e5211f1cc95b0e479d8,63.75576974526451,2.4650214989389903,13.745811276506437,7.715303224942367,0
69622e5211f1cc95b0e479d8,63.88785152133147,2.4973416132818684,14.278504991162551,7.475570121071733,0
69622e5211f1cc95b0e479d8,64.03266330415032,2.50881591254304,6.7984426198989585,6.732880447906327,0
69622e5211f1cc95b0e479d8,64.38256413507422,2.5713502923347704,9.204478704828032,6.329588135266907,0
69622e5211f1cc95b0e479d8,64.71127162464835,2.6118086405668834,14.183953602944419,5.051285755805732,0
69622e5211f1cc95b0e479d8,65.1085987378291,2.690102916111817,5.497583196256423,4.825035629067559,0
69622e5211f1cc95b0e479d8,65.30105035555724,2.750240624351868,12.36896501967125,9.844663125836568,0
69622e5211f1cc95b0e479d8,65.43221893519708,2.8128503418394115,7.680559017457947,7.970767601742153,0
69622e5211f1cc95b0e479d8,65.66329127576623,2.8381612576704476,6.396719188146756,5.178696199311261,0
69622e5211f1cc95b0e479d8,65.84112878211363,2.828133530535416,6.548445182355318,7.652672080191473,0
69622e5211f1cc95b0e479d8,65.76705910292706,2.8091471992969232,10.805234439972406,9.963090025191466,0
69622e5211f1cc95b0e479d8,66.07997693880495,2.8522188978490877,5.535357592959946,3.3535256831976534,0
69622e5211f1cc95b0e479d8,66.12407629506423,2.8370387443457754,10.064967592338636,8.664978038414613,0
69622e5211f1cc95b0e479d8,66.08077069990503,2.881056366746223,6.216896333549496,9.250460271624968,0
69622e5211f1cc95b0e479d8,66.26345880473367,2.8645763244015523,11.055239451770472,6.6042161549975775,0
69622e5211f1cc95b0e479d8,66.49920131920982,2.9422088017173826,14.514188326540754,7.289950428931502,0
69622e5211f1cc95b0e479d8,66.50957943417612,2.9254265883766726,12.030350581148259,8.532567125593314,0
69622e5211f1cc95b0e479d8,66.4255140462113,2.9651794970336955,14.326882949605908,6.364116476796147,0
69622e5211f1cc95b0e479d8,66.53759375625228,2.970411188697187,5.432605925331515,1.1422464605566363,0
69622e5211f1cc95b0e479d8,66.67983123174777,2.9960308558680526,14.01914349837379,9.284232648938177,0
69622e5211f1cc95b0e479d8,66.98552474857341,3.0268881214478203,6.22441688026232,3.4083789182714535,0
69622e5211f1cc95b0e479d8,66.94069524175059,3.0837751164176748,13.274247698602144,4.656113144373551,0
69622e5211f1cc95b0e479d8,66.87868728129952,3.1431487592080476,13.302860319603427,5.873329787595925,0
69622e5211f1cc95b0e479d8,67.06310764107423,3.1282521933678695,11.343941981485523,8.099780869975627,0
69622e5211f1cc95b0e479d8,67.45689150789137,3.1337105108067833,5.579779982410448,8.528115917303305,0
69622e5211f1cc95b0e479d8,67.38826958544281,3.1140039775791486,10.24625494177924,5.314953411055151,0
69622e5211f1cc95b0e479d8,67.5777913040271,3.1521835406040912,9.782969331082864,9.097904480779459,0
69622e5211f1cc95b0e479d8,67.76087772612165,3.2045424446195354,8.061223512405142,9.716301681927622,0
69622e5211f1cc95b0e479d8,67.99304058774773,3.20574310652669,6.705896519067503,8.534455795621605,0
69622e5211f1cc95b0e479d8,68.36834585038126,3.266263187076656,9.906026427100425,7.83578610424064,0
69622e5211f1cc95b0e479d8,68.6104035592166,3.3103400492516015,8.067903842939792,2.4948506058229185,0
69622e5211f1cc95b0e479d8,68.52957643206786,3.3181862472271706,8.523011303768824,5.289854721814198,0
69622e5211f1cc95b0e479d8,68.71598650734727,3.298384777266947,14.385867576952291,2.407511546829687,0
69622e5211f1cc95b0e479d8,68.77096434098773,3.2942713857772805,13.43130789765234,7.20628974568237,0
69622e5211f1cc95b0e479d8,68.72663081651528,3.351357136018492,14.606905189448769,2.5212771873384527,0
69622e5211f1cc95b0e479d8,69.03514591583742,3.388250179787222,14.55558860707539,1.9864944531059419,0
69622e5211f1cc95b0e479d8,69.11260072696153,3.407150115813901,11.274773599223709,3.7605547883041646,0
69622e5211f1cc95b0e479d8,69.09172301852394,3.447044093424519,10.430085932974775,6.068260858991092,0
69622e5211f1cc95b0e479d8,69.46092296911391,3.445517889195684,11.96626117988644,4.685830431135011,0
69622e5211f1cc95b0e479d8,69.50923902871111,3.5193247022480363,6.935053516006224,6.891879152550399,0
69622e5211f1cc95b0e479d8,69.8967012772571,3.5472345955599733,7.425013469297454,8.807798437668003,0
69622e5211f1cc95b0e479d8,70.05915765857488,3.5612793269366207,5.3966156333592945,2.045165579624367,0
69622e5211f1cc95b0e479d8,70.07833191051306,3.6256155000679917,13.473230833346477,7.479091220315864,0
69622e5211f1cc95b0e479d8,70.19526194594214,3.6099013346875357,12.179982448710614,7.041890478856931,0
69622e5211f1cc95b0e479d8,70.37509815807029,3.6166919222931146,7.068536277655957,1.5877743249906313,0
69622e5211f1cc95b0e479d8,70.60674135517495,3.646909648839616,9.059304365228616,3.174186669414016,0
69622e5211f1cc95b0e479d8,70.87101704179108,3.6824782132005924,9.790327913992984,7.648099970889774,0
69622e5211f1cc95b0e479d8,71.15783449747987,3.697052950022669,10.656373567249277,1.7626795535697317,0
69622e5211f1cc95b0e479d8,71.246121987785,3.7281284438970546,6.5162167161042,5.31754634801725,0
69622e5211f1cc95b0e479d8,71.56336746749203,3.8000866479965043,5.04505068034012,5.172571601309216,0
69622e5211f1cc95b0e479d8,71.58668174584847,3.818046058648598,10.130095320539594,7.3169652077226655,0
69622e5211f1cc95b0e479d8,71.664998602516,3.8866854734261995,13.277913826980024,8.789263643805818,0
69622e5211f1cc95b0e479d8,71.7432464913566,3.923083675470985,8.434317842060041,4.533940879411642,0
69622e5211f1cc95b0e479d8,72.06622143081312,3.927906226651576,10.731330465700191,7.038754373190501,0
69622e5211f1cc95b0e479d8,72.38937476461159,3.985098505928912,12.115159831570374,4.521789888040181,0
69622e5211f1cc95b0e479d8,72.50805799204112,4.018569910392994,11.969812314365916,1.879292637082873,0
69622e5211f1cc95b0e479d8,72.63949250796708,4.0966483470028,11.033858168466551,8.704912251151171,0
69622e5211f1cc95b0e479d8,73.00956916997859,4.167642761851229,5.467315680678222,2.2312708260664937,0
69622e5211f1cc95b0e479d8,73.21610439627283,4.195068494176164,7.481403174400576,9.140924534506482,0
69622e5211f1cc95b0e479d8,73.38929539097037,4.241963392323577,12.91438211694502,9.180846432540221,0
69622e5211f1cc95b0e479d8,73.76933050785146,4.246539402302008,14.664570373803658,3.5287357577485396,0
69622e5211f1cc95b0e479d8,73.73457664701303,4.266966789153678,11.661149173145155,6.620559679054742,0
69622e5211f1cc95b0e479d8,73.89581591876232,4.340633604438489,9.328998349864131,5.912006661180189,0
69622e5211f1cc95b0e479d8,74.23719928164813,4.4002302744805375,8.850785832290665,3.1167055669143373,0
69622e5211f1cc95b0e479d8,74.60586897587504,4.392553663510488,8.825720034246691,2.5779707317989775,0
69622e5211f1cc95b0e479d8,74.90727553238058,4.460423176618998,14.165945983602628,4.994079035788926,0
69622e5211f1cc95b0e479d8,74.97250364955656,4.506498937310502,12.574523968354898,1.1354144531049206,0
69622e5211f1cc95b0e479d8,75.34040220783106,4.55761240873085,14.468673076358083,2.8506281334606403,0
69622e5211f1cc95b0e479d8,75.36582096187885,4.556356273710146,8.123093993611693,6.086989577181065,0
69622e5211f1cc95b0e479d8,75.65623645729066,4.541251476333398,12.216476741324968,8.894601938584096,0
69622e5211f1cc95b0e479d8,75.93196468272438,4.527781632338549,10.893780319201742,6.613847483756617,0
69622e5211f1cc95b0e479d8,76.05290387013129,4.537121799946296,10.921176288242687,1.5331017303536236,0
69622e5211f1cc95b0e479d8,76.07482252765007,4.521241067810746,11.955331000097704,8.72543293101967,0
69622e5211f1cc95b0e479d8,76.34641641089767,4.599216591542471,9.18511915448995,7.236926919325828,0
69622e5211f1cc95b0e479d8,76.48426890315444,4.593652990563339,5.677690861843598,7.094389364421116,0
69622e5211f1cc95b0e479d8,76.86480561968632,4.578436315061898,7.194657037484733,4.160927994995387,0
69622e5211f1cc95b0e479d8,77.06394344877569,4.589194046935775,13.803850668290732,3.0611248320952154,0
69622e5211f1cc95b0e479d8,77.28192764072293,4.603016831460617,5.159944222550954,5.836616003897808,0
69622e5211f1cc95b0e479d8,77.42783053302477,4.678425306873333,13.027404864992585,1.2519605398215734,0
69622e5211f1cc95b0e479d8,77.53957386704487,4.749033922148441,12.466876752340978,9.29673305740487,0
69622e5211f1cc95b0e479d8,77.6784194646644,4.782181012827643,9.676377204903046,8.642895742208156,0
69622e5211f1cc95b0e479d8,77.5933811640335,4.858710188626046,14.003585683127346,3.4850884779787146,0
69622e5211f1cc95b0e479d8,77.89307980436173,4.937335973293446,5.419246230260488,6.990236789795924,0
69622e5211f1cc95b0e479d8,77.79462848951218,5.000764910454302,12.074197978947572,2.140601072846318,0
69622e5211f1cc95b0e479d8,77.93836928134834,5.008544705481448,11.806320650133074,6.869555569474791,0
69622e5211f1cc95b0e479d8,77.87323162668058,4.99608905184431,11.54098826450063,1.7656275858283352,0
69622e5211f1cc95b0e479d8,78.22565509981713,5.000910342865983,7.367298475961865,6.658325524511135,0
69622e5211f1cc95b0e479d8,78.12788136992256,4.989396574487765,13.91765468202635,2.721354578250782,0
69622e5211f1cc95b0e479d8,78.39441622492662,5.035117527692627,11.418560406967945,9.160433057670422,0
69622e5211f1cc95b0e479d8,78.53572874172497,5.089432076404771,10.457046439619953,9.782585998112324,0
69622e5211f1cc95b0e479d8,78.68397577225953,5.0851323056148034,7.263831416483129,7.235723572516217,0
69622e5211f1cc95b0e479d8,78.93599581161422,5.105367364689549,6.5378438886099,8.731500324499365,0
69622e5211f1cc95b0e479d8,79.20205537004499,5.155153040940326,7.748549355136836,4.854336069945101,0
69622e5211f1cc95b0e479d8,79.11575371998272,5.18971531014043,11.231305688482946,8.660786775767864,0
69622e5211f1cc95b0e479d8,79.08088588512528,5.249101427614771,7.1546862893588115,7.3320767323019815,0
69622e5211f1cc95b0e479d8,79.35384330793094,5.272298897237122,5.975115041206395,5.7961158671141675,0
69622e5211f1cc95b0e479d8,79.46086197981265,5.310653304271106,14.623930504356464,8.738855090000236,0
69622e5211f1cc95b0e479d8,79.43555888112635,5.305105950891788,13.26475598534482,6.9470607416844254,0
69622e5211f1cc95b0e479d8,79.58856450382605,5.338617196457596,6.62595168183546,4.161226837360918,0
69622e5211f1cc95b0e479d8,79.83134955677137,5.340823786721829,12.754832887414063,2.631514587415932,0
69622e5211f1cc95b0e479d8,80.15088812876903,5.339006145900377,7.803405222987756,9.287888002804255,0
69622e5211f1cc95b0e479d8,80.1680562925404,5.319954239088499,8.79826229379368,5.804697787316606,0
69622e5211f1cc95b0e479d8,80.466105178256,5.335920970671064,9.164124714524354,1.2100118170273555,0
69622e5211f1cc95b0e479d8,80.63363436216274,5.3845884794625745,7.686466444109852,3.4140521496550953,0
69622e5211f1cc95b0e479d8,80.54986423199317,5.400687067746144,10.76999518818054,8.377448207816961,0
69622e5211f1cc95b0e479d8,80.9144117282165,5.468214210027914,10.487613424450402,9.300190440179511,0
69622e5211f1cc95b0e479d8,81.01305857300913,5.452992100731893,13.915712301095542,1.4938138828211782,0
69622e5211f1cc95b0e479d8,80.99127672068579,5.45601216690902,8.094313581618058,3.162363951626973,0
69622e5211f1cc95b0e479d8,81.2998269616242,5.447073286243395,6.875394571080724,4.828427705172263,0
69622e5211f1cc95b0e479d8,81.29887965492654,5.510663084999606,14.793522497580396,8.146928193080223,0
69622e5211f1cc95b0e479d8,81.54598196922943,5.4938346654189605,11.213162125335108,7.609945954623951,0
69622e5211f1cc95b0e479d8,81.60046477627942,5.568668432919329,11.462205763399725,7.6057035097519226,0
69622e5211f1cc95b0e479d8,81.58377855156088,5.583278284618275,5.265590497244268,3.0003972781348365,0
69622e5211f1cc95b0e479d8,81.58964212461348,5.592755562278966,11.498638219650104,8.297913220112461,0
69622e5211f1cc95b0e479d8,81.89241470952962,5.6261488134022715,12.606534381301644,3.531669506244854,0
69622e5211f1cc95b0e479d8,82.10327558681898,5.656815304652744,14.857677085213378,4.960621770252015,0
69622e5211f1cc95b0e479d8,82.46022319344345,5.715342076274172,5.723941561195385,8.564780049819781,0
69622e5211f1cc95b0e479d8,82.691838168812,5.785468222814466,7.514532875202063,6.9476977056640985,0
69622e5211f1cc95b0e479d8,82.7026464828718,5.772749070177219,5.637053522926154,5.12093784971524,0
69622e5211f1cc95b0e479d8,82.79489527153777,5.847995789881382,10.021902402901317,6.306157121139432,0
69622e5211f1cc95b0e479d8,82.70288523198987,5.8680533037630935,5.763804534530981,1.7771629672203948,0
69622e5211f1cc95b0e479d8,82.75340120738163,5.902231513155741,9.591134424158813,5.018758651396034,0
69622e5211f1cc95b0e479d8,82.9558436362519,5.8944443451439685,8.956874463800787,1.6100678173333944,0
69622e5211f1cc95b0e479d8,83.02533324081358,5.885138297521263,5.948685807786404,5.853982427620037,1
69622e5211f1cc95b0e479d8,83.24380922558457,5.923541139651074,10.45258729303229,5.837316313734231,1
69622e5211f1cc95b0e479d8,83.52487150210516,5.922420513332904,11.076989662178677,4.841837165208647,1
69622e5211f1cc95b0e479d8,83.84478511527242,5.903147058896024,7.133625604843312,3.7866225503590023,1
69622e5211f1cc95b0e479d8,84.03030522384975,5.951364377089979,5.5357208160364575,7.150808511717714,1
69622e5211f1cc95b0e479d8,83.9804407684631,5.979094930647514,14.938724776542589,6.562285772393929,0
69622e5211f1cc95b0e479d8,37.40346217335793,1.554352234859584,13.158445119499335,9.579751350960015,0
69622e5211f1cc95b0e479d8,37.31075957919693,1.5727260578366447,7.100820933830438,1.1832306278952651,0
69622e5211f1cc95b0e479d8,37.505764105345605,1.5929898174230022,11.481137675930604,3.9822662210148465,0
69622e5211f1cc95b0e479d8,37.62007359575463,1.6147083400513345,11.783302625741598,1.676905686737383,0
69622e5211f1cc95b0e479d8,37.68941980358275,1.682343146577969,11.496808339539772,2.4265901909784664,0
69622e5211f1cc95b0e479d8,37.945193384980946,1.6996034376429368,12.951086921554591,4.899278496510661,0
69622e5211f1cc95b0e479d8,38.009302313597566,1.6902865942727132,11.878383156313955,6.720801037584047,0
69622e5211f1cc95b0e479d8,38.07094303227614,1.7551408294587414,8.175779407393737,8.146963997329632,0
69622e5211f1cc95b0e479d8,38.27459686887442,1.7862804204805391,10.663097544674141,9.543133844454609,0
69622e5211f1cc95b0e479d8,38.598617619993334,1.8352361113888052,13.838645871059448,3.0419414860915515,0
69622e5211f1cc95b0e479d8,38.68471652506275,1.817062008874639,13.624805841526438,2.1373735341054356,0
69622e5211f1cc95b0e479d8,38.77296465950276,1.8695256640543005,8.29761928662059,5.510067326368693,0
69622e5211f1cc95b0e479d8,38.67533494741875,1.8647546228321463,12.671069966960628,3.0553369076378534,0
69622e5211f1cc95b0e479d8,38.7727542096805,1.8449298887563945,11.973731330977454,4.155845197264881,0
69622e5211f1cc95b0e479d8,39.104162151101086,1.878313406652636,12.38970269168715,2.0992649201200986,0
69622e5211f1cc95b0e479d8,39.364187324675214,1.9450275370563856,8.993182198906462,1.4178813925967237,0
69622e5211f1cc95b0e479d8,39.38373727361449,1.9253636024812046,5.6278826947415705,7.585489038616025,0
69622e5211f1cc95b0e479d8,39.29711074857629,1.96630264184313,7.515405242981634,3.700922857226064,0
69622e5211f1cc95b0e479d8,39.279891238002634,2.032512639099047,11.35082522531084,4.615157589563632,0
69622e5211f1cc95b0e479d8,39.62988551198641,2.051375247649359,10.986151826359897,4.840152540835847,0
69622e5211f1cc95b0e479d8,39.95921336869693,2.0400008886999825,6.737992586210028,3.7824425845424248,0
69622e5211f1cc95b0e479d8,40.35260265474555,2.105484909551091,13.881342136730513,7.690747353567288,0
69622e5211f1cc95b0e479d8,40.60233785098528,2.155925460867205,5.9188271349959365,3.2693879595989532,0
69622e5211f1cc95b0e479d8,40.95514329206076,2.206830574966176,9.810743524974729,8.784967982419118,0
69622e5211f1cc95b0e479d8,40.94277377504284,2.202917556808122,14.88761183304331,8.106821901551093,0
69622e5211f1cc95b0e479d8,40.97984129814799,2.245490395739496,10.351977865225399,1.0721376557542994,0
69622e5211f1cc95b0e479d8,41.31355731709385,2.2855226236403796,13.47676708711865,5.315944916475108,0
69622e5211f1cc95b0e479d8,41.49874093721033,2.3050659370794464,8.708421782784345,1.6816438950766104,0
69622e5211f1cc95b0e479d8,41.80025376868817,2.3327195126496716,8.960586567580702,6.433183993492571,0
69622e5211f1cc95b0e479d8,41.85461827654411,2.358196695901678,5.431682096937031,3.7050906197693396,0
69622e5211f1cc95b0e479d8,42.03206739496969,2.341321109029472,11.833315077761217,3.019313463669123,0
69622e5211f1cc95b0e479d8,42.10451393269279,2.405891537466578,6.551732604636267,6.450992646578388,0
69622e5211f1cc95b0e479d8,42.47690329111683,2.424972038760896,14.673794966377947,5.458574813556951,0
69622e5211f1cc95b0e479d8,42.66563034237536,2.44966615991605,6.50314424081019,1.4475923916350126,0
69622e5211f1cc95b0e479d8,42.98652287849112,2.4698656988499406,9.69095800772065,3.358542955119281,0
69622e5211f1cc95b0e479d8,43.001518596930396,2.5125062925010213,12.392926402364887,1.7417660095946952,0
69622e5211f1cc95b0e479d8,43.18543001720258,2.5011640873517287,10.243268713526142,3.9697769767380766,0
69622e5211f1cc95b0e479d8,43.16274522613281,2.541194057938789,8.571736688445723,7.53835384034345,0
69622e5211f1cc95b0e479d8,43.086395510653766,2.5659891631401113,7.010357741967505,6.480207761775505,0
69622e5211f1cc95b0e479d8,43.41355079349965,2.577419837537521,10.85355534734685,6.521561517223867,0
69622e5211f1cc95b0e479d8,43.55687742493467,2.565146875762659,9.470676319351881,5.09301027870635,0
69622e5211f1cc95b0e479d8,43.69527505208694,2.5496935779386356,6.3154248148207515,5.563483242779785,0
69622e5211f1cc95b0e479d8,44.062152292636625,2.57626030392385,8.012916842095521,5.790084870988514,0
69622e5211f1cc95b0e479d8,44.10528417742091,2.6480561915341974,9.55146174506659,4.01980342370771,0
69622e5211f1cc95b0e479d8,44.15294708036627,2.7144332848872574,5.005429492333708,6.977565072086966,0
69622e5211f1cc95b0e479d8,44.3315576163823,2.725883979134221,13.359898366735315,8.842827814743224,0
69622e5211f1cc95b0e479d8,44.263051643627115,2.7059997767683117,8.842604691361897,9.625916161376049,0
69622e5211f1cc95b0e479d8,44.405399117624576,2.7714777169292346,11.805856269723606,5.594156224489801,0
69622e5211f1cc95b0e479d8,44.46028735355466,2.7725570064740657,8.027397651374033,8.455748922929615,0
69622e5211f1cc95b0e479d8,44.854716130856815,2.824770078893186,12.109773103055861,8.399957031829942,0
69622e5211f1cc95b0e479d8,45.20635360829934,2.828704431664421,6.863501024424165,5.806690862657231,0
69622e5211f1cc95b0e479d8,45.261229536899364,2.8350866457040285,11.82340697588841,7.839372477091572,0
69622e5211f1cc95b0e479d8,45.60561760230082,2.8322433545793313,13.926831350637105,4.610248681505105,0
69622e5211f1cc95b0e479d8,45.52326424545875,2.8869381646678463,5.706239511113493,9.749590398681613,0
69622e5211f1cc95b0e479d8,45.63044286815384,2.9167834659071556,10.70119681059815,5.5781235466057515,0
69622e5211f1cc95b0e479d8,45.90119238226119,2.9911794348911256,13.209394953965441,6.2662499437387424,0
69622e5211f1cc95b0e479d8,46.02026825384192,3.012778059609642,10.418691117725372,9.594582048567053,0
69622e5211f1cc95b0e479d8,45.971533636282174,3.034116616968812,6.543133651975559,5.79863905513144,0
69622e5211f1cc95b0e479d8,46.249003797753396,3.0724707069541015,7.108154752513767,7.7080632527160375,0
69622e5211f1cc95b0e479d8,46.20444843118683,3.1147509594256,10.268656042975051,4.118804251313993,0
69622e5211f1cc95b0e479d8,46.54607088127138,3.1014371542122805,11.151909150591198,9.11440584072167,0
69622e5211f1cc95b0e479d8,46.93544984050085,3.082647046514328,13.493828926700623,5.464261863915096,0
69622e5211f1cc95b0e479d8,47.07390298228942,3.1485759857548663,9.067013011975241,8.383418016604601,0
69622e5211f1cc95b0e479d8,47.04450609177787,3.1448705589827983,14.76771231561455,8.207053909347776,0
69622e5211f1cc95b0e479d8,47.09964657934514,3.2216410298438687,6.948817415222191,9.42831843769432,0
69622e5211f1cc95b0e479d8,47.48814497750887,3.2942182962281588,5.517737994125493,5.293472703805487,0
69622e5211f1cc95b0e479d8,47.534912190580215,3.322494747950679,12.345314681174365,2.8189378479360947,0
69622e5211f1cc95b0e479d8,47.597519554229464,3.378489425907248,10.973478598190825,4.688107344681748,0
69622e5211f1cc95b0e479d8,47.51018792320381,3.3715420252083406,6.305213062492257,6.200512075518915,0
69622e5211f1cc95b0e479d8,47.50588905202553,3.36635912629719,7.230122294393682,1.9975618149191954,0
69622e5211f1cc95b0e479d8,47.64808438106349,3.3920754368417083,5.561161075384435,3.8081035431841093,0
69622e5211f1cc95b0e479d8,47.810998488971144,3.3904507250844858,12.219572147671771,1.1046657851906687,0
69622e5211f1cc95b0e479d8,48.021710239089565,3.3866140588021945,8.505550547432945,8.184652760858208,0
69622e5211f1cc95b0e479d8,48.2154816260597,3.4542573928116007,7.131533923781661,2.669867131532219,0
69622e5211f1cc95b0e479d8,48.26371887355576,3.5212974920470828,10.006103613979128,7.439443018435101,0
69622e5211f1cc95b0e479d8,48.41666362392098,3.5381721488361872,7.068599365074954,2.1910481038569665,0
69622e5211f1cc95b0e479d8,48.387685728692354,3.6165242710713383,6.7947744690057394,1.3172966060758866,0
69622e5211f1cc95b0e479d8,48.433799388467094,3.61209224600739,10.643372523729326,7.981353876602776,0
69622e5211f1cc95b0e479d8,48.6452011006195,3.629421717419312,14.290687056330258,9.823770589473444,0
69622e5211f1cc95b0e479d8,48.71745007857878,3.6793580771753764,9.44148374044248,9.890842937566045,0
69622e5211f1cc95b0e479d8,48.90360530983592,3.7264780662400687,14.385508043159279,6.108610168857057,0
69622e5211f1cc95b0e479d8,49.14603344606867,3.743174481072226,13.905426344590682,1.611081977718971,0
69622e5211f1cc95b0e479d8,49.14863776216842,3.7329117847863214,8.866799243708055,7.610178347103814,0
69622e5211f1cc95b0e479d8,49.41267309395267,3.737382617393037,8.825893277371442,1.3606491078569691,0
69622e5211f1cc95b0e479d8,49.3986733743451,3.7606175585072923,11.046675269230928,2.899706463239595,0
69622e5211f1cc95b0e479d8,49.66004394292309,3.834897175501317,10.310027374387783,1.9709579751361215,0
69622e5211f1cc95b0e479d8,49.69762760707639,3.845725318553069,7.789717092825961,4.348241573485103,0
69622e5211f1cc95b0e479d8,49.812330419501954,3.8708684609541595,8.12646783169994,8.76759254685895,0
69622e5211f1cc95b0e479d8,50.124891560401025,3.940400084292281,10.464826514618519,9.596258452557175,0
69622e5211f1cc95b0e479d8,50.397426238222614,3.970509456324041,7.110284608763305,1.7865627561881408,0
69622e5211f1cc95b0e479d8,50.72874130185172,4.030207685465268,6.313983432210206,2.299721012007951,0
69622e5211f1cc95b0e479d8,50.74997907047778,4.066077438654815,7.668992231046168,9.155127950818311,0
69622e5211f1cc95b0e479d8,50.810664666040566,4.114910635074908,7.424729896613602,3.8405514760705697,0
69622e5211f1cc95b0e479d8,50.728536606542015,4.122013154485713,6.565632095221902,8.672280483768251,0
69622e5211f1cc95b0e479d8,50.97775087745952,4.130146429144675,12.977066296146507,3.559180165057657,0
69622e5211f1cc95b0e479d8,51.0937162030386,4.13279257166977,13.77433981727856,3.46613199700053,0
69622e5211f1cc95b0e479d8,51.138574916432184,4.168390514847113,11.857144143229451,1.1587643996700911,0
69622e5211f1cc95b0e479d8,51.296013168355756,4.2188338732648365,7.684636652141079,7.478987759821749,0
69622e5211f1cc95b0e479d8,51.529940283323306,4.2931665550384945,9.282371057879358,7.073046052602091,0
69622e5211f1cc95b0e479d8,51.43938522178291,4.32878291175243,11.040771082366703,3.8183228282123425,0
69622e5211f1cc95b0e479d8,51.376259149224616,4.362047750212395,12.404785320397895,5.380356619103963,0
69622e5211f1cc95b0e479d8,51.35775222346077,4.395468614159143,13.774022170795096,8.452441286713203,0
69622e5211f1cc95b0e479d8,51.325709926875234,4.3892616990458695,14.097163571989213,5.761125170996799,0
69622e5211f1cc95b0e479d8,51.24652979324159,4.41746497619787,6.745489078486839,8.816098193839004,0
69622e5211f1cc95b0e479d8,51.45332046919494,4.446355641297254,7.871785954333741,5.835380989287646,0
69622e5211f1cc95b0e479d8,51.36546025295414,4.430031895172423,10.517752776491431,1.839359306747254,0
69622e6d11f1cc95b0e479da,41.34836836320774,1.468429375923262,6.824309143448044,1.1808949465884468,0
69622e6d11f1cc95b0e479da,41.5028428638354,1.5211431114967973,5.678063822925408,6.090827596003556,0
69622e6d11f1cc95b0e479da,41.768716512334926,1.5567620371688122,14.31368572345606,9.233518583797535,0
69622e6d11f1cc95b0e479da,41.72483786746812,1.604851538392044,9.203822433094073,9.912038802225336,0
69622e6d11f1cc95b0e479da,41.83831714693241,1.6704372910417224,11.72491324360424,2.9567543591358576,0
69622e6d11f1cc95b0e479da,42.081953791108624,1.669431391842172,8.61928077315973,9.182337720268551,0
69622e6d11f1cc95b0e479da,42.375630756965286,1.7494312472459799,14.079881748731676,4.868708285353586,0
69622e6d11f1cc95b0e479da,42.70947260206801,1.739796431392763,13.36069354148432,9.333536646273638,0
69622e6d11f1cc95b0e479da,42.79176794831464,1.7346973015705103,13.379929875776996,5.828743849790242,0
69622e6d11f1cc95b0e479da,42.83725991101648,1.812705483924861,6.833201192585041,8.118036571402914,0
69622e6d11f1cc95b0e479da,43.016040700176546,1.8504173455547892,5.91279392298532,5.430495359970678,0
69622e6d11f1cc95b0e479da,43.250289169032435,1.8369936425189028,13.909424989903505,2.0316472306807363,0
69622e6d11f1cc95b0e479da,43.53838301308194,1.8938427707941992,7.250559607393896,9.19812580420413,0
69622e6d11f1cc95b0e479da,43.7537649837646,1.8986478572628243,10.765599074672805,2.2905218368646274,0
69622e6d11f1cc95b0e479da,43.92290804335366,1.9272307784936888,12.750232461653852,6.601542629702078,0
69622e6d11f1cc95b0e479da,44.075944414028335,1.9864133178351495,9.73276042409124,7.422404668668268,0
69622e6d11f1cc95b0e479da,44.2723067750211,2.0196114010105504,7.754759011271711,6.338772194926523,0
69622e6d11f1cc95b0e479da,44.448418458830034,2.0952304945582774,9.997742205876506,1.9261706007809134,0
69622e6d11f1cc95b0e479da,44.78564974490048,2.11770507032843,7.553347285086176,7.954965730136845,0
69622e6d11f1cc95b0e479da,44.85692272756207,2.1301872861492015,9.58140187835302,6.277466917420472,0
69622e6d11f1cc95b0e479da,45.15125520601113,2.188805628892169,9.839466192157708,5.6814334335944405,0
69622e6d11f1cc95b0e479da,45.39077025574771,2.2289686583139985,12.800023483555087,9.012109957948466,0
69622e6d11f1cc95b0e479da,45.53484301172042,2.286767219704069,14.966824375947233,7.144676482731117,0
69622e6d11f1cc95b0e479da,45.65865118934394,2.3345786664236243,12.026652604975382,1.7696588526149453,0
69622e6d11f1cc95b0e479da,45.98389590807248,2.352367673554551,10.267443954293132,7.082344848035132,0
69622e6d11f1cc95b0e479da,45.973735248759894,2.344428025137525,5.880705293591355,4.400536496955033,0
69622e6d11f1cc95b0e479da,46.272181034297446,2.3340747830178286,6.980916140696889,9.60939190822592,0
69622e6d11f1cc95b0e479da,46.226376668832884,2.413114135835137,10.322057521174797,6.312839027485309,0
69622e6d11f1cc95b0e479da,46.40859813871468,2.4115025521015836,9.00767904685802,6.020203471889959,0
69622e6d11f1cc95b0e479da,46.56690794543166,2.487234990648081,5.5517321792643255,3.073763587253403,0
69622e6d11f1cc95b0e479da,46.54168126139387,2.4990760339013223,11.681701972972927,9.414880486438502,0
69622e6d11f1cc95b0e479da,46.5458200792721,2.5169218687538413,10.526271875930382,1.4174181336760574,0
69622e6d11f1cc95b0e479da,46.763366514949624,2.5389280008891904,10.42481096454593,6.885691697759724,0
69622e6d11f1cc95b0e479da,46.70265439352097,2.5496793364079675,6.1085835414565,9.190239732934364,0
69622e6d11f1cc95b0e479da,46.91660828961082,2.589458131857784,10.069359207711877,4.3615592130518115,0
69622e6d11f1cc95b0e479da,46.94702966654195,2.6159161666204787,13.932466285841532,2.4163970399888646,0
69622e6d11f1cc95b0e479da,47.23377685049131,2.601030422622734,14.959699166421402,5.445892927367732,0
69622e6d11f1cc95b0e479da,47.30187576738819,2.621473489127377,7.0148468113134665,8.176624220895697,0
69622e6d11f1cc95b0e479da,47.41389017878539,2.656610207613681,12.916654548637883,1.3636971397664466,0
69622e6d11f1cc95b0e479da,47.69030841177167,2.7314208272072347,5.0900831085292815,9.018010107880174,0
69622e6d11f1cc95b0e479da,48.03164850239872,2.7139298491311314,8.298637512680545,2.0675913906968892,0
69622e6d11f1cc95b0e479da,48.27251929366887,2.7908088817974592,12.538092837161729,9.878926205465943,0
69622e6d11f1cc95b0e479da,48.56314870842401,2.78445925248922,13.65494277037222,5.750792411315976,0
69622e6d11f1cc95b0e479da,48.503775371787675,2.8566730917814236,5.115424367400845,6.998555827159141,0
69622e6d11f1cc95b0e479da,48.60911055705931,2.904743150946966,14.583994384049435,7.975749317996771,0
69622e6d11f1cc95b0e479da,48.73892349358958,2.9186062292581236,7.952474842601022,1.1434146029602552,0
69622e6d11f1cc95b0e479da,48.80139831134492,2.990730878997345,13.951640565938826,9.767245376750202,0
69622e6d11f1cc95b0e479da,48.73906451642948,3.0088396396585004,5.601847757033378,3.3193857260593855,0
69622e6d11f1cc95b0e479da,48.7050113001425,2.9896106422121647,5.816715009622328,2.632382999865135,0
69622e6d11f1cc95b0e479da,48.665572846622844,3.03482479445594,8.120024158496076,7.808993747694533,0
69622e6d11f1cc95b0e479da,48.68214997779933,3.0496332827912704,12.039803073491042,3.307530887764253,0
69622e6d11f1cc95b0e479da,49.05559467990102,3.1240568064523213,13.616760816820692,2.0107391765678226,0
69622e6d11f1cc95b0e479da,49.34627636582289,3.157407891162193,7.69790413563163,1.1275077160883862,0
69622e6d11f1cc95b0e479da,49.73915657491954,3.188887951801056,9.315902078228522,4.361184151670651,0
69622e6d11f1cc95b0e479da,49.81644215188899,3.191486733820563,7.64621034558327,9.323446666731256,0
69622e6d11f1cc95b0e479da,50.066143741898344,3.2565618919821295,8.42913417640063,8.734309914459892,0
69622e6d11f1cc95b0e479da,50.20912666224369,3.32970631223214,11.182444153208476,7.60079278597327,0
69622e6d11f1cc95b0e479da,50.2555695187654,3.3548693894713697,11.821958533271467,8.784813620544341,0
69622e6d11f1cc95b0e479da,50.29417523998522,3.4157656517604833,13.519082460435708,8.117577297283184,0
69622e6d11f1cc95b0e479da,50.65561389493953,3.4449119983173064,5.249731056206364,7.087243144926,0
69622e6d11f1cc95b0e479da,50.856372745405686,3.5225111208513287,10.675531557872532,4.391343273271673,0
69622e6d11f1cc95b0e479da,51.1713944120241,3.600979082182134,10.99436604001253,4.116720696797684,0
69622e6d11f1cc95b0e479da,51.524921931946686,3.6407927146978327,14.762066047462783,1.1849086970952103,0
69622e6d11f1cc95b0e479da,51.795727329911635,3.706542715021621,8.842389602257676,9.382565508345415,0
69622e6d11f1cc95b0e479da,51.80148788797341,3.701909328845592,6.101528467886803,6.298861278586452,0
69622e6d11f1cc95b0e479da,51.79895702302719,3.692083218716071,8.892296889251654,4.65169037226856,0
69622e6d11f1cc95b0e479da,52.03807333788518,3.723892259120624,13.732445196034355,1.1102627630112307,0
69622e6d11f1cc95b0e479da,52.433473655141654,3.778050394334244,13.070775935809264,4.981358419331757,0
69622e6d11f1cc95b0e479da,52.46538135574154,3.8009526180714035,10.130580277379064,8.468724974672487,0
69622e6d11f1cc95b0e479da,52.496065021326054,3.877406801850012,10.741379442590684,5.579507004917777,0
69622e6d11f1cc95b0e479da,52.68783253048069,3.9563336907395574,10.039237631192828,2.206838882827828,0
69622e6d11f1cc95b0e479da,52.62796879136173,3.943470764530298,14.545085367632256,4.602372469223471,0
69622e6d11f1cc95b0e479da,52.997097422909064,4.007561977922439,7.136292540378683,5.105089336059686,0
69622e6d11f1cc95b0e479da,53.06609835142058,4.069758749284559,6.472814834547533,5.099192580739642,0
69622e6d11f1cc95b0e479da,53.03141233883148,4.1142235560932034,12.295620733414424,2.2081433732835434,0
69622e6d11f1cc95b0e479da,52.963280232427266,4.1338152898013085,6.591008145783633,2.150387030154389,0
69622e6d11f1cc95b0e479da,52.973593182403356,4.19001815753265,10.08770760760048,5.935800816772653,0
69622e6d11f1cc95b0e479da,53.370906320679595,4.179491212143296,9.509361487279154,6.37606842197633,0
69622e6d11f1cc95b0e479da,53.621286702480454,4.177133114423072,6.976614803233813,5.400068815498132,0
69622e6d11f1cc95b0e479da,53.72945104542602,4.223907861073123,11.550996786991723,4.986748023539404,0
69622e6d11f1cc95b0e479da,54.11721607064092,4.233852838444428,5.778233590400106,6.164921549659303,0
69622e6d11f1cc95b0e479da,54.08858516112204,4.253463436821332,11.22247441975487,5.063329439372467,0
69622e6d11f1cc95b0e479da,54.39804673330205,4.269295877373913,5.513197813358602,4.792564411297747,0
69622e6d11f1cc95b0e479da,54.54374912550481,4.323728520533448,8.926521128817173,4.4626060110187495,0
69622e6d11f1cc95b0e479da,54.93331431830072,4.3552362570449255,12.289384323810054,5.13777979679502,0
69622e6d11f1cc95b0e479da,55.09592244628676,4.42253614249336,5.549440789485858,1.2674192854620625,0
69622e6d11f1cc95b0e479da,55.032612985794856,4.5012759323657505,5.745472894540251,1.799406620161816,0
69622e6d11f1cc95b0e479da,55.11978524092221,4.5329567571385505,9.385456647076719,7.366270576607837,0
69622e6d11f1cc95b0e479da,55.42276473662676,4.581404643009811,6.805642020482432,1.8046504663732397,0
69622e6d11f1cc95b0e479da,55.77888485915889,4.603195755246127,10.164380107337587,9.470831356197703,0
69622e6d11f1cc95b0e479da,56.0019300474587,4.678440325615048,14.419343059851617,5.529430815668322,0
69622e6d11f1cc95b0e479da,56.20068789322936,4.703502014274813,14.304859664285399,7.685046701485792,0
69622e6d11f1cc95b0e479da,56.15168814793811,4.759658575668338,9.459657272161712,5.008802515270813,0
69622e6d11f1cc95b0e479da,56.51938433394053,4.79300954981747,14.749207042433675,1.5241932269192646,0
69622e6d11f1cc95b0e479da,56.794643448221535,4.802766459561259,7.833287438933705,3.588982189558257,0
69622e6d11f1cc95b0e479da,56.80827661778357,4.8619713016969595,8.988685118707195,5.078374817877974,0
69622e6d11f1cc95b0e479da,57.08640757981485,4.881972298621333,12.591785665803823,2.698575999534012,0
69622e6d11f1cc95b0e479da,57.08650289686532,4.879332904624827,5.803824718409372,2.6449227070092616,0
69622e6d11f1cc95b0e479da,57.12597552981338,4.881500746022079,6.204148982735907,4.953447702739565,0
69622e6d11f1cc95b0e479da,57.29244840001426,4.866064875755768,6.141623998882646,8.4504994085545,0
69622e6d11f1cc95b0e479da,57.430760805738586,4.898048115116895,7.532458006233034,3.1234469146767134,0
69622e6d11f1cc95b0e479da,57.75935901031145,4.888216595855988,12.363453497973392,8.353704596319051,0
69622e6d11f1cc95b0e479da,57.814053575557004,4.960128739781559,14.955587809145648,6.292991353143754,0
69622e6d11f1cc95b0e479da,58.05473177713786,4.983794939709934,6.321868749561485,5.792842265525599,0
69622e6d11f1cc95b0e479da,58.144820692035786,4.991299201266553,11.079168005855438,1.9484492544106662,0
69622e6d11f1cc95b0e479da,58.432448191022246,5.029899308592544,10.392981592966613,8.048841490172197,0
69622e6d11f1cc95b0e479da,58.72903008876253,5.028657059596298,11.93584476843861,9.513330825025283,0
69622e6d11f1cc95b0e479da,58.747039387756416,5.028527865179034,11.188957173631412,8.973812909076486,0
69622e6d11f1cc95b0e479da,58.65016311753099,5.091386954743647,8.76170243040612,9.19643310140013,0
69622e6d11f1cc95b0e479da,58.64069683022245,5.155346833052715,6.376416513405352,3.249776614646321,0
69622e6d11f1cc95b0e479da,58.72267328314174,5.156691510619327,13.788911753640672,8.814682517525231,0
69622e6d11f1cc95b0e479da,59.1132244432357,5.232683656346725,6.372484181599489,5.924745343112379,0
69622e6d11f1cc95b0e479da,59.09105574342906,5.292529113482744,10.42083547209678,8.033894183219541,0
69622e6d11f1cc95b0e479da,59.24514901809067,5.290361469041508,7.798362859122198,4.412208722618877,0
69622e6d11f1cc95b0e479da,59.640306966590195,5.346400751932313,9.862711743045775,1.8478684262679224,0
69622e6d11f1cc95b0e479da,59.98615260036851,5.389156138323829,7.94839389433079,1.6007203837723545,0
69622e6d11f1cc95b0e479da,60.110306009302704,5.441003932726033,8.52162315999937,4.489146831749617,0
69622e6d11f1cc95b0e479da,60.04430593860922,5.503948989265362,13.602112648223077,2.141405631239624,0
69622e6d11f1cc95b0e479da,60.29386460838521,5.564067316088545,14.504498898524146,6.546034306220049,0
69622e6d11f1cc95b0e479da,60.45316060334141,5.63588710246453,11.446500768844066,3.0188820597630808,0
69622e6d11f1cc95b0e479da,60.41417927968507,5.637125418317657,5.228256195343572,6.00104494955159,0
69622e6d11f1cc95b0e479da,60.71196078592208,5.648727039018217,12.009887882599719,8.878486868921627,0
69622e6d11f1cc95b0e479da,60.6380823377303,5.642551380378013,8.7242668188159,4.340788035082204,0
69622e6d11f1cc95b0e479da,60.77264631246076,5.688850765892834,13.785342207534473,9.125557677102181,0
69622e6d11f1cc95b0e479da,60.684382109801284,5.6802442531615025,5.496881117882726,8.24952481542881,0
69622e6d11f1cc95b0e479da,60.92890699693774,5.742656277593424,14.473897889620977,9.885452361397666,0
69622e6d11f1cc95b0e479da,61.058124733782904,5.738842152856278,14.043438116507957,4.404698148300377,0
69622e6d11f1cc95b0e479da,61.42743504516736,5.723502385011743,6.041729306093641,5.603466295329532,0
69622e6d11f1cc95b0e479da,61.379334389544596,5.7779387056987686,10.905497312524874,4.722618849191357,0
69622e6d11f1cc95b0e479da,61.44934779720329,5.812072653846554,9.739555887855403,7.01898576347043,0
69622e6d11f1cc95b0e479da,61.46775230088051,5.797504146207779,13.303600428234262,4.630202256125665,0
69622e6d11f1cc95b0e479da,61.691883675627196,5.816010911878217,14.468292244787524,5.069012879261705,0
69622e6d11f1cc95b0e479da,61.88722427859037,5.851113706197885,11.13587203993637,9.457210885784505,0
69622e6d11f1cc95b0e479da,62.10744056514755,5.847180668416025,13.855630645534863,3.136476003491154,0
69622e6d11f1cc95b0e479da,62.464338492508375,5.907250068498373,13.162443590731458,6.88760728723707,0
69622e6d11f1cc95b0e479da,62.72428646073043,5.967467392062669,11.417343399237518,3.027866225071122,0
69622e6d11f1cc95b0e479da,62.94905340853221,5.954403352776336,9.51899143011624,3.278741624545317,0
69622e6d11f1cc95b0e479da,63.110498973363796,5.993381485119471,6.697736048692493,5.428746560956085,0
69622e6d11f1cc95b0e479da,63.06799897066883,6.015237095080635,11.244468584433866,7.788758146175621,0
69622e6d11f1cc95b0e479da,63.39531799164045,6.011007067898129,10.731049031636879,7.075892303174801,0
69622e6d11f1cc95b0e479da,63.40847240471278,6.063482157622656,6.794747922475115,6.1070665341024934,0
69622e6d11f1cc95b0e479da,63.593452235527316,6.080987884170853,12.681644211064913,5.359179598379065,0
69622e6d11f1cc95b0e479da,63.904941330591484,6.125287861639006,9.722122023082271,3.0840237295211574,0
69622e6d11f1cc95b0e479da,64.24359954644137,6.190428531084733,13.542891609552612,3.4055405261662886,0
69622e6d11f1cc95b0e479da,64.572134606866,6.209206680992021,10.811608046860721,6.357533804670491,0
69622e6d11f1cc95b0e479da,64.68322137940946,6.237669364345741,10.518066423249689,4.39231802272182,0
69622e6d11f1cc95b0e479da,64.78397176294845,6.244301402225949,8.792586643000565,8.583868685453456,0
69622e6d11f1cc95b0e479da,64.98083151191673,6.241925070266991,5.347784394484201,6.147478515315224,0
69622e6d11f1cc95b0e479da,65.32062023985623,6.265765538358769,9.633186941736344,7.289374272497917,0
69622e6d11f1cc95b0e479da,65.44851262026042,6.300420414391166,8.66015510152687,4.321049545727771,0
69622e6d11f1cc95b0e479da,65.79192658584198,6.282404816574197,8.677231931072866,3.7760874944764327,0
69622e6d11f1cc95b0e479da,66.07278767909388,6.344471261621312,10.950040264379957,5.054992795760396,0
69622e6d11f1cc95b0e479da,66.26670059588562,6.419731942411657,14.409421185344872,1.6407250879383675,0
69622e6d11f1cc95b0e479da,66.6600228561676,6.409384806883975,5.311651098758716,7.859322978562606,0
69622e6d11f1cc95b0e479da,66.72800535365543,6.475167135808635,7.761178962908611,4.182366731212598,0
69622e6d11f1cc95b0e479da,66.89525008496308,6.534470949969062,10.399477230000919,1.1739157979371986,0
69622e6d11f1cc95b0e479da,67.2146310684038,6.531099989877265,10.602244675423814,1.4025842113830937,0
69622e6d11f1cc95b0e479da,67.12462912195569,6.592244737100954,8.295374656909676,2.541438364535125,0
69622e6d11f1cc95b0e479da,67.49887112682273,6.648550473434624,6.21765158467465,2.765862271327178,0
69622e6d11f1cc95b0e479da,67.75733760922239,6.6592710386740865,10.046831928766181,3.106043647949167,0
69622e6d11f1cc95b0e479da,67.70391838138211,6.702499747826429,6.5520460240049,4.684650229252793,0
69622e6d11f1cc95b0e479da,67.94141525151576,6.762946146548042,5.475215227767736,1.6163542656820447,0
69622e6d11f1cc95b0e479da,68.01369116855915,6.777832495584933,12.290475051145894,5.959102380074247,0
69622e6d11f1cc95b0e479da,68.03254021030365,6.833365092168651,11.7233745083458,7.924848552583202,0
69622e6d11f1cc95b0e479da,67.99740677030698,6.889197091422622,12.284655987382095,5.273218162526282,0
69622e6d11f1cc95b0e479da,67.94552267086719,6.882225155813906,6.080686013788856,5.530058687318068,0
69622e6d11f1cc95b0e479da,68.04936667871301,6.947665805755715,13.366853468269541,6.747428558506538,0
69622e6d11f1cc95b0e479da,68.31867096511564,6.994545015136277,11.713219573635792,6.901738152245521,0
69622e6d11f1cc95b0e479da,68.36217881954407,6.98703163917036,6.151301022471694,9.934757933957101,0
69622e6d11f1cc95b0e479da,68.46508682993912,6.989571345719778,12.479266976736245,9.237505287295306,0
69622e6d11f1cc95b0e479da,68.4572813678961,6.990824001101017,6.12924697671716,5.40679253202822,0
69622e6d11f1cc95b0e479da,68.72837624286284,6.998661081055471,12.817880145163683,3.0048071637810487,0
69622e6d11f1cc95b0e479da,68.84034613201291,6.9898024561825896,13.426571673382233,3.812803203816822,0
69622e6d11f1cc95b0e479da,69.17168172171773,7.007030466199684,7.289451030262606,6.733691452532849,0
69622e6d11f1cc95b0e479da,69.42063080650593,7.006201765270936,14.21301294306041,8.996737126020246,0
69622e6d11f1cc95b0e479da,69.79151155188791,7.080055189859933,7.289541046052137,9.589694166039678,0
69622e6d11f1cc95b0e479da,70.067172749616,7.098723444948635,7.098952043177946,9.482477049371514,0
69622e6d11f1cc95b0e479da,70.06547356206926,7.100898744876281,8.993303089704447,9.611602899841953,0
69622e6d11f1cc95b0e479da,70.15207399695697,7.180387400623509,9.964848599102265,1.792819775766762,0
69622e6d11f1cc95b0e479da,70.37621173222652,7.247731813729053,13.816910515776431,1.0424950383187228,0
69622e6d11f1cc95b0e479da,70.53912540031737,7.288062146444971,12.297521411666132,4.519689371204233,0
69622e6d11f1cc95b0e479da,70.66166707138542,7.339007762532438,6.509157283219036,1.501231495941407,0
69622e6d11f1cc95b0e479da,70.83791759154178,7.3718745554164355,10.636182550500823,5.109513701790865,0
69622e6d11f1cc95b0e479da,71.06374031801555,7.370414866148121,7.682429314872524,1.116222700655751,0
69622e6d11f1cc95b0e479da,71.17690632642964,7.420945314764294,9.378689125634045,4.360105806578968,0
69622e6d11f1cc95b0e479da,71.22432294157665,7.459445229226446,6.879742064771605,7.774543482149966,0
69622e6d11f1cc95b0e479da,71.45339261661337,7.470002696593531,12.453306133620128,7.3473116645414445,0
69622e6d11f1cc95b0e479da,71.8339136986189,7.539449856958722,8.654168022061512,5.949025617567511,0
69622e6d11f1cc95b0e479da,72.05971343004116,7.584366557649048,13.987486245834218,3.8752584017621055,0
69622e6d11f1cc95b0e479da,72.21869496787716,7.6482413794941415,8.75729941790163,7.695911683110396,0
69622e6d11f1cc95b0e479da,72.5980586578245,7.725895110588072,8.01485569098757,9.052003607443503,0
69622e6d11f1cc95b0e479da,72.94213396178733,7.785861092936239,14.553661176353177,6.754393633393413,0
69622e6d11f1cc95b0e479da,73.0735040013725,7.822456409708929,7.278394535090918,4.298040950408177,0
69622e6d11f1cc95b0e479da,73.07550544945214,7.861893374039663,8.377189610145777,4.355513823511673,0
69622e6d11f1cc95b0e479da,73.25934232650359,7.861624037182747,11.682473461909042,5.730234514917006,0
69622e6d11f1cc95b0e479da,73.23042897395429,7.888787211965339,11.282004099488187,1.3899715465083022,0
69622e6d11f1cc95b0e479da,73.3860902326905,7.872616422972949,10.491123235432182,3.4087672013398134,0
69622e6d11f1cc95b0e479da,73.31599309492417,7.854717251946078,13.575449966150872,1.242354583199287,0
69622e6d11f1cc95b0e479da,73.44845530234161,7.911332558204394,6.926671874046562,2.901891931288561,0
69622e6d11f1cc95b0e479da,73.48892880238823,7.90834688708292,14.835410824376334,4.805360153459921,0
69622e6d11f1cc95b0e479da,73.85132724093864,7.9806194241312784,11.315964019023216,2.6111454232347966,0
69622e6d11f1cc95b0e479da,73.98592539804496,8.051467032454838,9.06720277188051,3.3552215727444645,0
69622e6d11f1cc95b0e479da,74.13943095507526,8.095027320179808,7.331861373088742,6.078779975422177,0
69622e6d11f1cc95b0e479da,74.41559482036592,8.086882747295856,9.085570230786306,6.491606147399993,0
69622e6d11f1cc95b0e479da,74.6102626833013,8.164233010326347,10.516677959020424,3.8723895938669592,0
69622e6d11f1cc95b0e479da,74.8057222694461,8.160842523176322,6.952628550346754,2.3060450783785544,0
69622e6d11f1cc95b0e479da,74.74488651477091,8.19816931255902,12.171828976533332,3.644573793484364,0
69622e6d11f1cc95b0e479da,74.9983691356449,8.226440652891956,7.808328310720265,1.690828881402337,0
69622e6d11f1cc95b0e479da,75.03699911293833,8.2208664246545,12.08010296956732,1.1018119070878432,0
69622e6d11f1cc95b0e479da,75.35814517048934,8.262857774074469,7.683202091763297,2.1855846464555073,0
69622e6d11f1cc95b0e479da,75.31867157035245,8.267295940776428,7.912945052972451,4.444957467217491,0
69622e6d11f1cc95b0e479da,75.41789081521867,8.342710852906354,13.886749082075092,9.993824381645448,0
69622e6d11f1cc95b0e479da,75.59491815804164,8.34636275447073,6.904190191509095,8.445662960318044,0
69622e6d11f1cc95b0e479da,75.75288410446846,8.426336977333701,9.440728474109525,3.7082873422452547,0
69622e6d11f1cc95b0e479da,75.6651152893119,8.412790602996417,14.038753442619925,6.667219406641335,0
69622e6d11f1cc95b0e479da,75.60740194330171,8.473428516705093,7.829347344345523,4.591188058892307,0
69622e6d11f1cc95b0e479da,75.99853830543621,8.488145728097226,5.0304694628268525,9.153305738334144,0
69622e6d11f1cc95b0e479da,76.20166502710663,8.519288170240218,9.244751285108572,4.96929884076778,0
69622e6d11f1cc95b0e479da,76.18643868423014,8.547197181240348,9.257362174101981,7.203468423140466,0
69622e6d11f1cc95b0e479da,76.2831162927,8.61246159050399,10.500897402653084,3.2090988952345167,0
69622e6d11f1cc95b0e479da,76.25224829695479,8.60116913824949,10.957163188997397,3.5848714121099725,0
69622e6d11f1cc95b0e479da,76.42939137974311,8.630267841227091,10.19829327835517,1.1672389355931938,0
69622e6d11f1cc95b0e479da,76.35740440411105,8.695768544255865,8.732698612019743,4.489093553680836,0
69622e6d11f1cc95b0e479da,76.70483351572146,8.765812320023883,8.85672495316756,5.101603920180856,0
69622e6d11f1cc95b0e479da,76.82931774448154,8.830092892181659,5.137651742766884,4.931921791364243,0
69622e6d11f1cc95b0e479da,77.1122725003413,8.90708822592886,14.637970677122244,4.689243744225468,0
69622e6d11f1cc95b0e479da,77.03955536878364,8.98405590655104,13.800011968760437,5.475575160177088,0
69622e6d11f1cc95b0e479da,77.0523847354365,9.0263744443551,5.664122958221509,4.751373889933211,0
69622e6d11f1cc95b0e479da,77.36186975753459,9.058046178777406,14.417633586433475,3.609487084070669,0
69622e6d11f1cc95b0e479da,77.41222575033511,9.043132792027306,10.884876061934012,8.523949590826755,0
69622e6d11f1cc95b0e479da,77.42239626205019,9.080858966512029,11.788908272951058,1.4137921203337895,0
69622e6d11f1cc95b0e479da,77.41087563455156,9.075415839533509,11.334055262414912,2.9091016326256414,0
69622e6d11f1cc95b0e479da,77.72591316225105,9.062691110235802,6.112433497805059,9.626584987940712,0
69622e6d11f1cc95b0e479da,77.91717897686898,9.080268047932066,12.499019256416586,7.229608916952033,0
69622e6d11f1cc95b0e479da,78.05221655238891,9.119081850827843,10.880307519395792,7.779453608808473,0
69622e6d11f1cc95b0e479da,78.17755448357674,9.175544542115256,10.439769307333975,3.5336157122409375,0
69622e6d11f1cc95b0e479da,78.0970677801649,9.251305492039217,9.025744925441018,3.99954199946242,0
69622e6d11f1cc95b0e479da,78.38420268709575,9.232351357688126,11.503817303544697,3.41574429140483,0
69622e6d11f1cc95b0e479da,78.43808284646687,9.308152746870562,5.426746240807477,9.91999615112621,0
69622e6d11f1cc95b0e479da,78.70754630756885,9.327625471629773,13.947210596717571,5.5519050421463465,0
69622e6d11f1cc95b0e479da,78.67717098668868,9.393951385210677,5.66236488375496,5.209498238479162,0
69622e6d11f1cc95b0e479da,79.05775599957141,9.3776706379411,8.058126800525297,1.3100336529480348,0
69622e6d11f1cc95b0e479da,79.02211664200958,9.438272245504956,5.148873242635668,6.329715986754434,0
69622e6d11f1cc95b0e479da,78.98800592367607,9.479665401177517,10.09789614980826,9.24738497991619,0
69622e6d11f1cc95b0e479da,78.99103948792501,9.542671032620763,13.856703052396764,2.132820344949752,0
69622e6d11f1cc95b0e479da,79.14123470864382,9.603683942446288,7.742068810898939,4.728081583182808,0
69622e6d11f1cc95b0e479da,79.16803986065112,9.631184330188173,8.981268837214342,9.017398445145602,0
69622e6d11f1cc95b0e479da,79.25751831038227,9.696218502267934,14.006206235569723,5.525800435084557,0
69622e6d11f1cc95b0e479da,79.38175355191103,9.745799668193326,10.982268274733844,1.056603371822872,0
69622e6d11f1cc95b0e479da,79.54970933602262,9.771693480271233,11.851952463148141,3.7524388425747865,0
69622e6d11f1cc95b0e479da,79.48577563617532,9.844597376781328,5.552184514245038,1.5228450700828775,0
69622e6d11f1cc95b0e479da,79.64215747655635,9.910306320859036,9.661482793655964,7.63459427133524,0
69622e6d11f1cc95b0e479da,79.99819899948886,9.954667022200292,9.63335541601091,9.082281346239505,0
69622e6d11f1cc95b0e479da,79.97220708958699,9.947061758894838,11.167584246661356,1.5418132500525834,0
69622e6d11f1cc95b0e479da,80.16837804072462,9.963724012868086,10.797241172147668,8.024659336291636,0
69622e6d11f1cc95b0e479da,80.36622053115882,9.978500116674637,14.827033555666507,1.8802191729355842,0
69622e6d11f1cc95b0e479da,80.52234785178952,10.003758065477626,6.280090586413594,7.365233789575797,0
69622e6d11f1cc95b0e479da,80.59569418058197,10.014126770592036,9.315460301139673,7.092828275087582,0
69622e6d11f1cc95b0e479da,80.77000842375912,9.998040663920282,12.21478014612128,2.5361768459876943,0
69622e6d11f1cc95b0e479da,80.77656636797963,10.074224678217886,13.220247117673328,1.7715816197550929,0
69622e6d11f1cc95b0e479da,80.79737627934506,10.075509951274952,8.92429046248145,3.5009990625143126,0
69622e6d11f1cc95b0e479da,80.86718684025986,10.055762377758976,14.21359388874582,3.36064504614407,0
69622e6d11f1cc95b0e479da,81.15178416690522,10.120771504046234,6.51364592736617,5.4727364186609915,0
69622e6d11f1cc95b0e479da,81.11336472195487,10.138903718644894,13.68494466086651,1.7912115993109392,0
69622e6d11f1cc95b0e479da,81.04544196567453,10.143069304057919,6.8201983122259735,1.3612035369193276,0
69622e6d11f1cc95b0e479da,80.95080669066408,10.128761822114328,13.95815004350279,5.778722861875196,0
69622e6d11f1cc95b0e479da,81.18945418375279,10.17688030517177,7.211462536872557,1.3409223080326362,0
69622e6d11f1cc95b0e479da,81.52289760636019,10.198593134576614,13.49983147688405,7.279376395156049,0
69622e6d11f1cc95b0e479da,81.56602881084551,10.253022244518906,10.739789480313801,9.131370680781558,0
69622e6d11f1cc95b0e479da,81.90918663818088,10.248954711232683,12.229182064717927,6.10448837661936,0
69622e6d11f1cc95b0e479da,81.95399668192596,10.2624755475585,10.446260667380265,1.2718406474554536,0
69622e6d11f1cc95b0e479da,82.1617255129647,10.277185618185763,11.997358158491092,9.192833197513284,0
69622e6d11f1cc95b0e479da,82.180663205116,10.346270116352635,12.128160514703021,9.668390607469899,0
69622e6d11f1cc95b0e479da,82.27519079075822,10.394197250853399,6.684422369048974,6.042487542267725,0
69622e6d11f1cc95b0e479da,82.30259296774892,10.436695829610846,11.46368918819999,9.92399776069499,0
69622e6d11f1cc95b0e479da,82.24181599021993,10.460391762832943,7.768167541740967,3.3806551398797504,1
69622e6d11f1cc95b0e479da,82.18662429960023,10.454536991513278,12.719216306497023,2.8620644213149027,1
69622e6d11f1cc95b0e479da,82.47283100855387,10.485278709728515,7.001152594459052,4.05195462921342,1
69622e6d11f1cc95b0e479da,82.67296860259026,10.50350328808531,14.84872223957753,2.16517920970242,1
69622e6d11f1cc95b0e479da,83.0725791659984,10.580498004758034,7.796835005789601,5.842749518167356,1
69622e6d11f1cc95b0e479da,83.27630963798411,10.592875168854299,9.554464509573847,1.4070940750639434,0
69622e6d11f1cc95b0e479da,38.20046191840516,0.8855672011766133,10.50792791150078,3.5510836495154,0
69622e6d11f1cc95b0e479da,38.13693220291326,0.932607608165556,8.648284544880994,3.5669917762077574,0
69622e6d11f1cc95b0e479da,38.22030179696067,0.9348077177983474,9.59037550122506,8.528630908142956,0
69622e6d11f1cc95b0e479da,38.19138012904588,0.9627291313970268,13.917920265920575,1.570814373803342,0
69622e6d11f1cc95b0e479da,38.529675617314226,1.0420630859120525,9.93416115851345,1.2111944812049398,0
69622e6d11f1cc95b0e479da,38.82473667485911,1.057593111735487,12.876506266524409,2.782619320319336,0
69622e6d11f1cc95b0e479da,39.16184174306446,1.0793166674212182,10.312249897938964,2.4446965331873054,0
69622e6d11f1cc95b0e479da,39.15471248547197,1.1132474214748034,9.350571384483954,3.7644569926693405,0
69622e6d11f1cc95b0e479da,39.18493172971169,1.129748928260591,10.262482880598515,8.137335728493284,0
